Year,Month,97 BACKEVIK,138 POINTE-AU-PERE,179 SMOGEN,1049 TEMA,1218 BAIE COMEAU,1592 CENDERING,2112 STENUNGSUND
1900,1,-42.3594,-24.3946,-42.3594,2.4229,-24.3946,87.4422,-140.8291
1900,2,-104.7188,38.7251,-104.7188,14.2574,38.7251,53.2213,-202.448
1900,3,-93.0301,68.4814,-93.0301,16.4225,68.4814,18.8744,-125.6145
1900,4,-53.0068,54.552,-53.0068,6.6343,54.552,-11.4176,-59.0991
1900,5,-73.1921,36.6867,-73.1921,-6.5026,36.6867,-29.16,-94.9929
1900,6,-53.4476,36.5513,-53.4476,-20.0806,36.5513,-57.1091,-51.3549
1900,7,-59.6932,20.0755,-59.6932,-26.099,20.0755,-92.6117,-44.6926
1900,8,-28.2707,-8.9675,-28.2707,-24.4759,-8.9675,-103.719,3.4901
1900,9,58.9203,-36.1747,58.9203,-11.9892,-36.1747,-68.5953,101.4706
1900,10,-0.38103,-37.8524,-0.38103,-4.8999,-37.8524,-9.5137,-23.4087
1900,11,90.6048,-7.5708,90.6048,1.5266,-7.5708,27.8669,66.2478
1900,12,187.6034,13.5902,187.6034,1.6616,13.5902,40.7339,221.4238
1901,1,-17.1316,85.3436,-17.1316,5.9333,85.3436,89.0127,-13.5974
1901,2,-110.9364,96.6868,-110.9364,18.4723,96.6868,110.2279,-170.3395
1901,3,-74.1316,21.9938,-74.1316,21.6199,21.9938,47.517,-142.4437
1901,4,-120.9948,4.0467,-120.9948,14.4152,4.0467,-7.1297,-151.3913
1901,5,-152.7033,19.5724,-152.7033,-1.3486,19.5724,-49.9975,-174.8755
1901,6,-122.3508,26.5247,-122.3508,-17.9316,26.5247,-69.6768,-128.5012
1901,7,-98.2875,18.8054,-98.2875,-16.24,18.8054,-70.5302,-98.7245
1901,8,-67.6941,2.3752,-67.6941,-18.3387,2.3752,-87.5985,-94.0223
1901,9,-36.7492,-9.8104,-36.7492,-9.3864,-9.8104,-79.6472,-96.6581
1901,10,-16.2025,27.674,-16.2025,8.5075,27.674,-23.8281,-1.4146
1901,11,1.3699,27.99,1.3699,22.0291,27.99,42.4353,-1.9935
1901,12,69.6303,-50.5437,69.6303,15.1489,-50.5437,86.3657,88.174
1902,1,-8.5433,40.5941,-8.5433,-0.67112,40.5941,93.9654,8.1663
1902,2,-42.9873,99.794,-42.9873,15.6162,99.794,68.3175,-97.9575
1902,3,-77.3218,43.1147,-77.3218,26.5009,43.1147,22.4375,-142.0473
1902,4,-130.0723,17.1115,-130.0723,8.9358,17.1115,-22.78,-210.0633
1902,5,-126.3985,17.9293,-126.3985,-5.0567,17.9293,-60.5623,-147.1828
1902,6,-111.5509,17.1318,-111.5509,-25.6705,17.1318,-67.3773,-103.2051
1902,7,-73.3159,3.6354,-73.3159,-35.47,3.6354,-85.4805,-37.6345
1902,8,-96.257,-15.8006,-96.257,-29.2386,-15.8006,-104.9437,-90.0198
1902,9,-69.256,-33.0136,-69.256,-25.7045,-33.0136,-65.7539,-73.8692
1902,10,-85.8955,-20.253,-85.8955,-16.5348,-20.253,-10.6055,-122.975
1902,11,-89.6824,-18.4161,-89.6824,-11.5264,-18.4161,14.5344,-163.4566
1902,12,37.4469,-17.0547,37.4469,-8.3084,-17.0547,52.0666,33.342
1903,1,235.4176,-4.0916,235.4176,-4.5586,-4.0916,84.114,316.6571
1903,2,261.2107,-43.5457,261.2107,-0.11814,-43.5457,55.6229,338.5658
1903,3,68.2078,-29.6986,68.2078,10.4385,-29.6986,10.7085,64.29
1903,4,-85.3715,2.1537,-85.3715,4.7724,2.1537,-1.3363,-130.9186
1903,5,-151.705,-15.7195,-151.705,-9.8676,-15.7195,-27.8899,-200.2405
1903,6,-126.1543,23.0716,-126.1543,-23.9381,23.0716,-48.74,-157.0937
1903,7,17.4641,28.1983,17.4641,-26.9685,28.1983,-50.637,61.283
1903,8,-16.0306,-15.155,-16.0306,-26.9547,-15.155,-49.1426,13.9085
1903,9,-27.1132,-11.8875,-27.1132,-16.4871,-11.8875,-49.2149,-79.03
1903,10,55.431,17.1247,55.431,2.8071,17.1247,-10.5394,41.7086
1903,11,-55.3755,-10.3359,-55.3755,7.2256,-10.3359,61.0187,-92.6002
1903,12,-25.1295,-49.9081,-25.1295,-1.7276,-49.9081,113.5859,-96.2505
1904,1,51.479,-28.6717,51.479,1.1206,-28.6717,89.8987,-7.5917
1904,2,-82.5239,-4.8961,-82.5239,12.0922,-4.8961,32.4223,-204.9357
1904,3,-70.644,-0.31182,-70.644,15.5511,-0.31182,4.4967,-147.9074
1904,4,-5.3681,1.3151,-5.3681,4.5249,1.3151,-19.1457,-3.4659
1904,5,-86.6827,-1.5389,-86.6827,-22.5912,-1.5389,-65.7848,-79.9053
1904,6,-92.679,-6.4374,-92.679,-38.0419,-6.4374,-97.5293,-73.8149
1904,7,-78.3874,1.4291,-78.3874,-41.9603,1.4291,-106.6341,-52.3611
1904,8,-133.8125,-13.0483,-133.8125,-37.5317,-13.0483,-117.7074,-151.2848
1904,9,-117.835,-19.1568,-117.835,-19.8188,-19.1568,-80.1964,-180.2731
1904,10,-28.3255,17.9949,-28.3255,-11.0057,17.9949,-4.7278,-32.2833
1904,11,22.7353,20.9675,22.7353,-6.6599,20.9675,49.5635,35.5638
1904,12,73.6357,2.6236,73.6357,-1.1535,2.6236,55.3467,106.585
1905,1,60.4283,-9.1505,60.4283,4.786,-9.1505,40.0755,112.9698
1905,2,17.0369,-26.6099,17.0369,5.7986,-26.6099,43.8597,19.6079
1905,3,-6.006,37.0256,-6.006,9.2003,37.0256,4.2068,-55.1963
1905,4,-110.2026,62.3966,-110.2026,7.3463,62.3966,-8.5105,-155.0222
1905,5,-142.829,22.473,-142.829,-12.9343,22.473,-38.608,-185.0685
1905,6,-82.4986,12.9529,-82.4986,-28.5002,12.9529,-76.5767,-96.6869
1905,7,-48.5409,4.5813,-48.5409,-35.8355,4.5813,-89.1267,-36.2386
1905,8,-52.3849,-5.2632,-52.3849,-30.5151,-5.2632,-86.503,-62.6005
1905,9,-71.583,-21.3266,-71.583,-22.4616,-21.3266,-59.7263,-86.341
1905,10,-79.1664,-30.2831,-79.1664,-17.1968,-30.2831,-0.34977,-127.9374
1905,11,3.3888,-30.5858,3.3888,-8.6982,-30.5858,42.5894,-20.5798
1905,12,139.1909,-31.1224,139.1909,-1.5765,-31.1224,62.0106,171.3224
1906,1,142.3616,-48.4304,142.3616,4.527,-48.4304,45.7366,161.0255
1906,2,87.6691,-41.9664,87.6691,9.0919,-41.9664,20.9844,127.3275
1906,3,-10.4339,-0.20594,-10.4339,5.2104,-0.20594,15.0914,32.9821
1906,4,-115.1299,11.5671,-115.1299,-0.75173,11.5671,-26.7852,-144.1421
1906,5,-116.1407,4.1544,-116.1407,-19.9597,4.1544,-51.0836,-133.1337
1906,6,-101.1702,1.8532,-101.1702,-36.1303,1.8532,-60.8627,-84.8058
1906,7,-30.5558,4.0556,-30.5558,-23.7863,4.0556,-64.2059,-1.4026
1906,8,-79.1993,-6.3376,-79.1993,-17.1541,-6.3376,-63.5481,-77.5347
1906,9,-90.1342,-38.6468,-90.1342,-18.9496,-38.6468,-48.1477,-147.025
1906,10,-26.9722,-8.6738,-26.9722,-11.1433,-8.6738,-13.3562,-65.7184
1906,11,-21.9093,14.7236,-21.9093,7.3491,14.7236,41.2746,-31.1819
1906,12,-13.5546,-50.7315,-13.5546,18.9099,-50.7315,75.8682,5.658
1907,1,13.5141,-48.2989,13.5141,17.206,-48.2989,58.0088,39.0867
1907,2,24.272,-25.7068,24.272,17.7027,-25.7068,29.9948,53.6377
1907,3,-37.8417,8.4156,-37.8417,17.0093,8.4156,15.9113,-41.3645
1907,4,-97.2981,33.6272,-97.2981,6.7868,33.6272,-10.4042,-146.6983
1907,5,-38.2576,19.8066,-38.2576,-4.1345,19.8066,-51.2964,-43.7158
1907,6,-42.231,34.3832,-42.231,-18.9545,34.3832,-63.8167,-27.3012
1907,7,-42.3117,29.3816,-42.3117,-31.7825,29.3816,-83.5996,-0.22083
1907,8,-61.4806,-9.2699,-61.4806,-34.3299,-9.2699,-102.614,-10.9511
1907,9,-106.9231,-23.0971,-106.9231,-25.6119,-23.0971,-73.0221,-137.577
1907,10,-89.906,-33.8078,-89.906,-13.471,-33.8078,-24.9919,-157.8326
1907,11,-64.4892,-19.9559,-64.4892,-6.2582,-19.9559,24.2394,-144.7546
1907,12,15.1824,0.12161,15.1824,-0.70261,0.12161,50.8123,-16.0726
1908,1,60.2089,-7.201,60.2089,10.3719,-7.201,52.0608,108.5016
1908,2,-51.3384,-22.1705,-51.3384,15.517,-22.1705,51.2119,-69.9539
1908,3,-166.1717,-16.1075,-166.1717,11.12,-16.1075,16.9626,-263.137
1908,4,-139.3915,12.6868,-139.3915,-5.2975,12.6868,-25.4038,-198.8869
1908,5,-111.5081,7.9338,-111.5081,-24.6586,7.9338,-46.0415,-128.8761
1908,6,-122.688,-7.2039,-122.688,-36.911,-7.2039,-65.1544,-132.2126
1908,7,-63.8484,-3.9417,-63.8484,-32.4658,-3.9417,-69.302,-48.3481
1908,8,-31.0474,-6.8071,-31.0474,-20.9657,-6.8071,-57.3305,-13.5622
1908,9,-127.9834,-30.3501,-127.9834,-17.7508,-30.3501,-38.9772,-164.3765
1908,10,-74.6891,-5.563,-74.6891,-9.2322,-5.563,-12.5493,-118.9851
1908,11,16.4361,-15.089,16.4361,-3.0194,-15.089,30.4079,8.1109
1908,12,35.2708,-42.9601,35.2708,1.9077,-42.9601,47.5149,36.0518
1909,1,-11.8507,-5.8368,-11.8507,7.8589,-5.8368,42.9765,-10.1714
1909,2,-118.769,61.716,-118.769,10.8035,61.716,31.665,-215.531
1909,3,-84.6381,36.9106,-84.6381,9.5093,36.9106,15.7455,-172.9057
1909,4,-95.861,4.2587,-95.861,5.7663,4.2587,-6.6305,-115.3393
1909,5,-134.4295,21.5753,-134.4295,-7.8256,21.5753,-33.0525,-149.9289
1909,6,-54.5321,30.7388,-54.5321,-25.1877,30.7388,-48.9824,-37.5785
1909,7,7.9474,30.7598,7.9474,-22.9655,30.7598,-47.424,59.785
1909,8,-77.0222,-9.3658,-77.0222,-20.488,-9.3658,-54.8036,-64.8107
1909,9,-20.1438,-16.297,-20.1438,-16.5108,-16.297,-56.5195,-24.3947
1909,10,36.2168,-9.8739,36.2168,-4.6958,-9.8739,-21.6117,47.298
1909,11,-4.4288,30.9918,-4.4288,8.2638,30.9918,35.4275,-25.0376
1909,12,103.3592,23.8233,103.3592,10.6662,23.8233,80.173,106.2349
1910,1,199.548,-60.9893,199.548,18.4278,-60.9893,92.6297,208.2135
1910,2,91.7835,-44.1048,91.7835,31.4851,-44.1048,66.6871,91.9484
1910,3,-46.2416,-3.2099,-46.2416,26.4089,-3.2099,22.1051,-49.4639
1910,4,-73.1533,20.5711,-73.1533,12.805,20.5711,-12.2328,-84.8224
1910,5,-103.0818,13.1068,-103.0818,-1.5158,13.1068,-30.8334,-138.6695
1910,6,-71.9433,28.8453,-71.9433,-14.6016,28.8453,-36.254,-92.7131
1910,7,-50.6132,4.722,-50.6132,-24.6446,4.722,-48.0465,-62.8753
1910,8,-78.4348,-38.0155,-78.4348,-23.6108,-38.0155,-52.282,-92.0108
1910,9,-133.438,-7.4237,-133.438,-15.9887,-7.4237,-38.2267,-159.8502
1910,10,-65.8563,73.6314,-65.8563,-2.7393,73.6314,-8.79,-91.2003
1910,11,20.6101,64.7573,20.6101,4.3887,64.7573,31.1676,2.3185
1910,12,29.9687,-15.0376,29.9687,3.9129,-15.0376,64.7687,39.8857
1911,1,86.1908,-50.6723,86.1908,8.1709,-50.6723,79.0672,142.9426
1911,2,47.4212,-12.0575,47.4212,7.6054,-12.0575,52.8983,68.7327
1911,3,-85.0016,0.11331,-85.0016,4.9637,0.11331,-2.0336,-120.2221
1911,4,-81.1577,-2.9196,-81.1577,3.1214,-2.9196,-16.337,-100.1462
1911,5,-97.2538,6.9076,-97.2538,-14.6247,6.9076,-36.6009,-126.0884
1911,6,-104.5604,10.7457,-104.5604,-32.0684,10.7457,-75.4098,-91.6718
1911,7,-99.4845,-4.4884,-99.4845,-34.333,-4.4884,-89.4471,-95.0712
1911,8,-42.8507,-14.3785,-42.8507,-26.1506,-14.3785,-73.6062,-25.5723
1911,9,-40.197,-26.3623,-40.197,-21.4754,-26.3623,-36.8748,-28.0943
1911,10,13.7874,-26.7509,13.7874,-18.7749,-26.7509,18.0443,13.4566
1911,11,107.8191,-27.2092,107.8191,-6.6296,-27.2092,53.3504,89.0122
1911,12,21.3948,-21.5058,21.3948,-2.4244,-21.5058,56.6026,-53.7409
1912,1,-11.3315,28.382,-11.3315,-1.9594,28.382,51.9215,-86.0691
1912,2,100.1975,17.5162,100.1975,8.2262,17.5162,30.1795,69.2485
1912,3,10.7766,-16.083,10.7766,7.0701,-16.083,15.6088,2.9029
1912,4,-87.8122,-13.7464,-87.8122,-4.3685,-13.7464,-1.7383,-87.5573
1912,5,-58.1461,-1.9096,-58.1461,-20.7153,-1.9096,-44.4986,-54.0974
1912,6,-88.1587,17.5462,-88.1587,-31.3891,17.5462,-52.9615,-102.6308
1912,7,-52.3225,15.7568,-52.3225,-26.5882,15.7568,-57.5011,-61.0086
1912,8,-57.7819,-3.6791,-57.7819,-25.2022,-3.6791,-70.0415,-47.2521
1912,9,-90.8692,-11.7424,-90.8692,-21.8554,-11.7424,-50.7749,-127.2693
1912,10,10.4054,-0.85418,10.4054,-12.8868,-0.85418,-2.552,2.0948
1912,11,177.4079,-31.8253,177.4079,-4.9006,-31.8253,48.2059,231.5391
1912,12,132.9407,-61.3608,132.9407,-0.90523,-61.3608,77.0032,115.9182
1913,1,-9.0304,-41.551,-9.0304,4.2553,-41.551,68.555,-58.9219
1913,2,162.8887,-28.6813,162.8887,10.3011,-28.6813,51.7086,224.5139
1913,3,122.1901,-13.9414,122.1901,13.2096,-13.9414,21.9402,147.5624
1913,4,-75.8241,18.4362,-75.8241,9.8426,18.4362,-16.3551,-123.0365
1913,5,-81.2653,16.4271,-81.2653,-6.4066,16.4271,-36.0005,-90.4325
1913,6,-80.9227,26.7184,-80.9227,-24.4903,26.7184,-59.1192,-65.8588
1913,7,-109.2491,5.8907,-109.2491,-27.0178,5.8907,-81.6178,-123.9066
1913,8,-130.1662,-32.4988,-130.1662,-20.6319,-32.4988,-77.9271,-180.029
1913,9,-79.6259,-8.3853,-79.6259,-19.4388,-8.3853,-55.9703,-134.9373
1913,10,145.8735,-20.0253,145.8735,-11.452,-20.0253,-17.8268,167.9753
1913,11,225.7433,-25.7284,225.7433,-1.4366,-25.7284,31.5019,292.5519
1913,12,103.4784,14.2087,103.4784,0.91885,14.2087,87.7732,164.437
1914,1,171.5226,-0.78635,171.5226,10.7858,-0.78635,61.6399,211.3726
1914,2,170.0629,-1.5698,170.0629,14.4156,-1.5698,15.7921,161.9857
1914,3,7.2321,11.3651,7.2321,14.2102,11.3651,6.3902,-2.0201
1914,4,-71.8905,14.5248,-71.8905,3.2009,14.5248,-11.1986,-56.8353
1914,5,-128.5095,22.7996,-128.5095,-12.2233,22.7996,-29.8104,-138.7894
1914,6,-123.2647,9.5204,-123.2647,-38.0544,9.5204,-64.9321,-150.6039
1914,7,-87.7312,-8.8969,-87.7312,-46.0563,-8.8969,-81.8383,-106.8752
1914,8,-25.1579,-10.9568,-25.1579,-30.4154,-10.9568,-74.9336,-5.4349
1914,9,-73.2813,3.9828,-73.2813,-5.7523,3.9828,-39.6324,-102.1848
1914,10,-58.9972,1.0118,-58.9972,6.4759,1.0118,13.5461,-129.8206
1914,11,149.9901,-50.4926,149.9901,1.0368,-50.4926,35.852,144.5899
1914,12,183.7348,-58.6808,183.7348,-0.33055,-58.6808,44.6,151.8725
1915,1,95.8034,-25.4992,95.8034,1.9548,-25.4992,35.1804,33.9125
1915,2,45.7378,73.7381,45.7378,1.7464,73.7381,7.8972,17.0846
1915,3,-18.7909,79.5553,-18.7909,9.167,79.5553,0.9604,-5.7135
1915,4,-69.5115,20.2753,-69.5115,1.0356,20.2753,-18.2794,-40.8345
1915,5,-134.008,27.282,-134.008,-11.6117,27.282,-26.8458,-124.3155
1915,6,-36.7294,11.1937,-36.7294,-20.8567,11.1937,-35.8992,-9.4932
1915,7,6.4462,14.874,6.4462,-26.4224,14.874,-59.1813,42.5458
1915,8,-65.3866,-8.4878,-65.3866,-27.7795,-8.4878,-66.7578,-55.8782
1915,9,-148.2607,-14.2092,-148.2607,-18.691,-14.2092,-57.891,-209.4848
1915,10,-95.4727,6.094,-95.4727,-8.529,6.094,-9.8228,-159.677
1915,11,29.0634,33.3954,29.0634,-2.2116,33.3954,42.3474,19.3573
1915,12,223.5554,-22.1258,223.5554,6.3192,-22.1258,48.1949,261.7103
1916,1,280.5466,-41.673,280.5466,15.3751,-41.673,30.7659,340.5408
1916,2,-5.2288,14.9014,-5.2288,17.4424,14.9014,23.3024,-53.0065
1916,3,-77.3844,51.4334,-77.3844,20.4273,51.4334,21.4622,-154.5434
1916,4,-41.8425,34.3106,-41.8425,9.7015,34.3106,0.27653,-65.5713
1916,5,-60.0816,13.6069,-60.0816,-4.8804,13.6069,-32.9279,-67.4333
1916,6,-55.6415,-4.2849,-55.6415,-16.0194,-4.2849,-42.5064,-34.8062
1916,7,-42.5025,4.8179,-42.5025,-20.1373,4.8179,-44.2304,-23.4104
1916,8,-38.0331,9.8816,-38.0331,-17.4398,9.8816,-49.8906,-34.8699
1916,9,60.631,-25.3789,60.631,-10.1792,-25.3789,-26.5251,78.6448
1916,10,144.8149,-34.0472,144.8149,3.2646,-34.0472,23.0978,163.2918
1916,11,68.285,-0.42858,68.285,5.2772,-0.42858,58.9247,39.5155
1916,12,-85.5573,-1.7914,-85.5573,3.0182,-1.7914,75.8138,-161.0129
1917,1,-166.4347,0.72256,-166.4347,15.7486,0.72256,72.9777,-227.0232
1917,2,-102.3527,15.7077,-102.3527,19.5936,15.7077,58.8739,-150.4451
1917,3,-26.7109,33.1033,-26.7109,21.6484,33.1033,34.4304,-78.1275
1917,4,-67.3119,68.7959,-67.3119,14.6097,68.7959,-12.9244,-72.1671
1917,5,-116.4686,37.9101,-116.4686,-2.3794,37.9101,-26.6272,-154.7364
1917,6,-80.194,-4.9027,-80.194,-11.173,-4.9027,-29.3561,-88.5973
1917,7,-26.2335,-0.97007,-26.2335,-17.9788,-0.97007,-37.6232,-31.5199
1917,8,74.546,-30.5686,74.546,-26.4847,-30.5686,-42.0103,116.4079
1917,9,154.7469,-40.0859,154.7469,-16.8459,-40.0859,-36.9921,220.6919
1917,10,189.9519,-13.8907,189.9519,6.5405,-13.8907,-5.4468,252.8825
1917,11,81.4046,-28.6063,81.4046,13.6159,-28.6063,38.0471,147.8873
1917,12,52.583,-2.545,52.583,5.9184,-2.545,117.0573,85.5744
1918,1,139.2467,21.2107,139.2467,8.8239,21.2107,120.1345,174.0829
1918,2,13.6217,-14.8721,13.6217,17.6653,-14.8721,44.7651,8.8968
1918,3,-130.4223,5.1654,-130.4223,22.0226,5.1654,10.8454,-225.8891
1918,4,-165.9211,-9.4035,-165.9211,9.0453,-9.4035,-12.5185,-263.1638
1918,5,-77.8974,5.4246,-77.8974,-5.2569,5.4246,-44.3396,-81.2025
1918,6,-27.3757,5.4275,-27.3757,-13.3809,5.4275,-82.1001,11.0537
1918,7,-25.5915,-11.6303,-25.5915,-21.5955,-11.6303,-77.7464,-3.6212
1918,8,68.1463,-11.9229,68.1463,-18.329,-11.9229,-77.6674,121.2859
1918,9,87.976,-26.2084,87.976,-11.1282,-26.2084,-70.214,124.7608
1918,10,-7.3354,-21.9062,-7.3354,-4.7818,-21.9062,-3.5866,-16.5174
1918,11,45.462,-20.8982,45.462,4.163,-20.8982,33.6555,29.7997
1918,12,37.7956,-12.9827,37.7956,5.616,-12.9827,55.3142,0.39089
1919,1,-57.2531,48.3045,-57.2531,9.5647,48.3045,66.2801,-134.2488
1919,2,-28.5626,52.8973,-28.5626,20.9467,52.8973,30.1433,-104.7459
1919,3,-16.4672,3.1135,-16.4672,22.1013,3.1135,3.2315,-27.0753
1919,4,-96.9507,7.8492,-96.9507,13.9351,7.8492,-3.3849,-115.078
1919,5,-89.3092,-4.0546,-89.3092,-2.9251,-4.0546,-32.4018,-111.2927
1919,6,-47.7648,-2.559,-47.7648,-14.3869,-2.559,-50.5583,-28.5806
1919,7,-12.3976,25.6998,-12.3976,-20.5804,25.6998,-64.7184,40.4839
1919,8,47.0071,13.6268,47.0071,-19.9466,13.6268,-60.9445,128.3753
1919,9,-53.3507,-26.5922,-53.3507,-8.9727,-26.5922,-39.924,-37.0695
1919,10,-129.9506,-22.8224,-129.9506,0.18984,-22.8224,-13.9511,-201.7236
1919,11,-3.2528,-19.9028,-3.2528,3.1243,-19.9028,46.711,-77.1529
1919,12,196.9122,-39.8301,196.9122,5.9354,-39.8301,94.6109,192.7127
1920,1,255.3855,-0.98763,255.3855,20.5262,-0.98763,76.8734,303.7963
1920,2,172.9272,20.2272,172.9272,21.7568,20.2272,41.9415,215.1971
1920,3,99.8209,37.2214,99.8209,7.1599,37.2214,25.0235,113.7007
1920,4,14.45,27.3809,14.45,-1.907,27.3809,-23.1536,31.8894
1920,5,-43.9992,-4.8259,-43.9992,-9.8577,-4.8259,-55.947,-16.3846
1920,6,-7.6126,24.4458,-7.6126,-14.5597,24.4458,-66.3657,26.9575
1920,7,1.8187,13.6222,1.8187,-13.9977,13.6222,-74.4957,35.8889
1920,8,-52.1876,0.69987,-52.1876,-12.777,0.69987,-73.356,-44.8491
1920,9,-109.3489,11.2649,-109.3489,-11.1765,11.2649,-49.5749,-153.1834
1920,10,-69.828,-8.4044,-69.828,-4.8428,-8.4044,-4.6909,-119.5401
1920,11,-21.3544,-7.3512,-21.3544,-0.74462,-7.3512,21.9114,-55.3322
1920,12,120.6988,5.9936,120.6988,8.0574,5.9936,65.6414,126.696
1921,1,133.0969,-8.0868,133.0969,21.7853,-8.0868,95.2053,198.7428
1921,2,49.3635,-23.6257,49.3635,30.0847,-23.6257,63.9463,89.4107
1921,3,38.7854,-21.4296,38.7854,26.189,-21.4296,15.6424,77.7912
1921,4,-99.6669,7.0978,-99.6669,20.6475,7.0978,-6.6691,-126.6165
1921,5,-75.8653,36.9149,-75.8653,8.9415,36.9149,-34.5264,-56.9195
1921,6,-78.135,32.6782,-78.135,-11.5384,32.6782,-47.2313,-26.8082
1921,7,-15.4529,4.8921,-15.4529,-16.8684,4.8921,-55.643,41.5086
1921,8,-22.1591,-7.4627,-22.1591,-13.9061,-7.4627,-68.4748,26.5347
1921,9,-8.4466,14.857,-8.4466,-4.3505,14.857,-28.1244,31.9174
1921,10,-61.1272,9.4939,-61.1272,6.0684,9.4939,-0.65533,-64.6026
1921,11,29.2414,10.7938,29.2414,10.0743,10.7938,40.0975,37.1282
1921,12,44.4087,2.1299,44.4087,13.122,2.1299,67.9537,43.3144
1922,1,-12.1311,-26.7448,-12.1311,12.1585,-26.7448,36.9923,-83.4858
1922,2,33.7384,-11.7672,33.7384,12.0173,-11.7672,17.4958,22.4248
1922,3,-50.4719,27.6412,-50.4719,6.6155,27.6412,19.9773,-76.4453
1922,4,-32.7523,35.7413,-32.7523,9.3245,35.7413,-4.5911,-25.3434
1922,5,-7.0863,13.2986,-7.0863,5.0355,13.2986,-37.2802,38.0373
1922,6,-4.4822,6.6328,-4.4822,-18.9324,6.6328,-55.0848,25.296
1922,7,13.0228,3.2975,13.0228,-27.8141,3.2975,-64.7829,43.5433
1922,8,-36.8202,-8.8334,-36.8202,-19.4991,-8.8334,-58.5237,-21.7378
1922,9,-136.4438,2.3157,-136.4438,-5.9629,2.3157,-28.8617,-172.2764
1922,10,-77.2724,37.6831,-77.2724,9.0888,37.6831,10.8841,-96.2583
1922,11,113.9968,-2.6357,113.9968,7.2218,-2.6357,41.9102,145.795
1922,12,186.5618,-7.7468,186.5618,7.7948,-7.7468,74.5912,238.6177
1923,1,42.1275,-7.3996,42.1275,10.8328,-7.3996,65.9858,28.2946
1923,2,-108.1371,2.6103,-108.1371,16.7463,2.6103,28.4981,-231.184
1923,3,-174.533,22.6528,-174.533,13.4862,22.6528,23.999,-275.5162
1923,4,-104.1703,21.2546,-104.1703,1.4641,21.2546,-8.2853,-144.2613
1923,5,-40.6813,34.0118,-40.6813,-14.9255,34.0118,-46.0964,11.4874
1923,6,-26.7725,24.2667,-26.7725,-33.267,24.2667,-60.6381,28.0259
1923,7,26.6039,1.9852,26.6039,-33.4647,1.9852,-71.4868,69.4709
1923,8,68.684,-14.4622,68.684,-27.9787,-14.4622,-73.8372,124.4692
1923,9,154.8988,-31.1245,154.8988,-14.0433,-31.1245,-39.4446,208.5697
1923,10,166.4098,-26.9154,166.4098,-2.6972,-26.9154,-13.9743,206.3621
1923,11,23.2029,-28.2548,23.2029,6.566,-28.2548,42.9306,26.2596
1923,12,-21.4491,-62.1771,-21.4491,16.1397,-62.1771,79.6443,-63.2861
1924,1,-45.1976,-46.3068,-45.1976,21.8106,-46.3068,44.289,-98.0043
1924,2,-96.1086,79.4117,-96.1086,26.8664,79.4117,38.7484,-142.8233
1924,3,-60.1928,106.3186,-60.1928,35.5235,106.3186,34.445,-99.8833
1924,4,-55.3972,50.5488,-55.3972,21.9227,50.5488,-2.6913,-83.1089
1924,5,-67.0945,37.1123,-67.0945,-2.5555,37.1123,-30.5229,-59.6089
1924,6,-40.9432,33.8776,-40.9432,-12.2456,33.8776,-45.6199,-13.1868
1924,7,2.5925,28.5788,2.5925,-11.5831,28.5788,-46.8762,5.0182
1924,8,67.5819,2.1559,67.5819,-5.7676,2.1559,-32.619,78.7683
1924,9,63.8572,-19.8975,63.8572,-13.2804,-19.8975,-32.296,73.6705
1924,10,-35.5011,-17.2531,-35.5011,-9.7388,-17.2531,-11.2542,-55.5734
1924,11,81.6167,-35.4491,81.6167,1.5228,-35.4491,29.2338,84.6817
1924,12,244.8809,-56.9615,244.8809,0.59805,-56.9615,51.8781,301.8791
1925,1,231.7908,-34.0463,231.7908,8.0687,-34.0463,74.493,289.8469
1925,2,58.718,-33.3822,58.718,25.3185,-33.3822,58.1905,73.4831
1925,3,-77.9203,-20.0236,-77.9203,25.2739,-20.0236,17.2567,-92.7811
1925,4,-30.4937,23.0193,-30.4937,13.9448,23.0193,-9.9531,-62.1557
1925,5,-47.1115,35.7443,-47.1115,3.2716,35.7443,-33.593,-50.8176
1925,6,-76.8487,36.9801,-76.8487,-10.5005,36.9801,-50.2814,-75.8205
1925,7,-36.2854,16.5972,-36.2854,-20.9843,16.5972,-68.1832,-36.1193
1925,8,28.0236,-9.5295,28.0236,-25.6999,-9.5295,-66.4546,55.5199
1925,9,41.8754,9.9124,41.8754,-24.3335,9.9124,-40.2084,67.6987
1925,10,-27.3176,12.4849,-27.3176,-14.889,12.4849,12.3346,-47.7462
1925,11,12.1428,-2.2028,12.1428,-4.2594,-2.2028,65.278,-26.3542
1925,12,71.7605,-12.8948,71.7605,-6.5654,-12.8948,82.443,37.8249
1926,1,-13.8712,6.2214,-13.8712,0.47735,6.2214,45.9386,-108.6719
1926,2,25.4597,66.0896,25.4597,17.2113,66.0896,27.4611,-3.5379
1926,3,9.8624,57.2942,9.8624,15.7214,57.2942,12.6605,5.442
1926,4,-73.3322,56.1284,-73.3322,0.89312,56.1284,-14.8236,-133.5791
1926,5,-77.5328,41.6515,-77.5328,-6.7105,41.6515,-33.1232,-106.5127
1926,6,-51.7847,28.197,-51.7847,-7.3431,28.197,-46.0597,-61.1534
1926,7,-20.5643,14.1938,-20.5643,-12.7048,14.1938,-50.2242,3.6951
1926,8,0.00169,-19.791,0.00169,-20.192,-19.791,-55.3496,38.4914
1926,9,-29.7859,-12.2756,-29.7859,-12.9972,-12.2756,-47.2037,-11.8632
1926,10,35.6643,-26.9505,35.6643,-2.4579,-26.9505,0.62456,35.4313
1926,11,72.6777,-37.5644,72.6777,13.624,-37.5644,68.9024,89.3696
1926,12,89.9253,-13.9327,89.9253,21.7192,-13.9327,95.7329,120.8701
1927,1,106.1785,-20.2467,106.1785,16.0878,-20.2467,53.2873,121.5878
1927,2,26.6597,-6.2907,26.6597,14.4664,-6.2907,30.9212,6.3487
1927,3,69.4687,2.0417,69.4687,15.2653,2.0417,22.8744,90.711
1927,4,-25.6509,28.5059,-25.6509,8.5717,28.5059,-17.0643,9.6968
1927,5,-80.0136,23.4539,-80.0136,-7.371,23.4539,-44.1959,-70.9961
1927,6,-51.4498,2.0591,-51.4498,-26.032,2.0591,-49.5928,-41.547
1927,7,-27.6522,-3.4433,-27.6522,-37.6977,-3.4433,-64.242,-41.3983
1927,8,29.823,-0.30603,29.823,-27.0919,-0.30603,-58.0061,35.9726
1927,9,61.5971,16.1103,61.5971,-14.1422,16.1103,-29.4244,104.6263
1927,10,-7.3804,-6.1575,-7.3804,-3.2803,-6.1575,-0.65292,16.2692
1927,11,-170.9961,-11.7043,-170.9961,9.9691,-11.7043,42.037,-264.7682
1927,12,16.3387,11.0046,16.3387,14.6304,11.0046,57.0445,-49.0435
1928,1,258.4225,-22.1765,258.4225,14.1018,-22.1765,65.4014,304.8894
1928,2,30.1998,24.9463,30.1998,19.104,24.9463,55.8801,17.3511
1928,3,-114.2973,55.2808,-114.2973,22.0294,55.2808,15.9131,-221.0169
1928,4,-91.9885,26.4619,-91.9885,10.741,26.4619,-3.8795,-169.3258
1928,5,-56.5744,23.4985,-56.5744,-0.6672,23.4985,-23.5338,-53.7303
1928,6,51.9484,20.7964,51.9484,-15.7386,20.7964,-52.244,127.6746
1928,7,32.2001,6.8341,32.2001,-25.7421,6.8341,-69.4543,92.3451
1928,8,-35.3848,-5.7695,-35.3848,-20.9505,-5.7695,-70.645,-18.9642
1928,9,-2.3098,-22.3039,-2.3098,-18.9824,-22.3039,-38.9157,-8.1381
1928,10,103.9549,-23.8686,103.9549,-10.5812,-23.8686,15.9886,92.0803
1928,11,60.7652,-13.6219,60.7652,3.437,-13.6219,69.0315,36.527
1928,12,-86.0624,-23.5162,-86.0624,5.7923,-23.5162,80.2105,-146.3885
1929,1,-228.8306,-20.8498,-228.8306,13.2233,-20.8498,57.4884,-358.3512
1929,2,-178.8083,23.6096,-178.8083,18.8768,23.6096,72.4638,-273.0172
1929,3,-96.7188,66.861,-96.7188,19.8343,66.861,46.7511,-104.3211
1929,4,-96.6676,21.8642,-96.6676,13.8514,21.8642,-7.9713,-133.6172
1929,5,-50.0125,10.8523,-50.0125,-4.6584,10.8523,-37.9463,-64.2033
1929,6,-38.097,24.172,-38.097,-22.3588,24.172,-57.1481,-12.1325
1929,7,-23.0443,17.7687,-23.0443,-29.4755,17.7687,-68.2971,10.6488
1929,8,-15.8994,-7.7769,-15.8994,-26.1123,-7.7769,-60.4509,8.5514
1929,9,61.5267,-13.3343,61.5267,-14.2438,-13.3343,-45.7794,91.9602
1929,10,138.0099,-17.3563,138.0099,-8.637,-17.3563,1.2838,163.0063
1929,11,217.6752,-42.9195,217.6752,-3.6978,-42.9195,43.4206,220.8958
1929,12,300.8895,-54.7947,300.8895,2.5063,-54.7947,57.8911,330.2679
1930,1,22.4738,-40.7828,22.4738,8.4522,-40.7828,61.88,14.9359
1930,2,-130.2202,53.0471,-130.2202,16.0677,53.0471,61.0363,-188.1835
1930,3,-70.6929,75.9629,-70.6929,16.7888,75.9629,43.1795,-126.6639
1930,4,-103.0798,36.1318,-103.0798,4.9667,36.1318,-4.762,-190.1056
1930,5,-68.233,32.7163,-68.233,-7.8278,32.7163,-31.3226,-79.6966
1930,6,-30.778,28.2147,-30.778,-19.3059,28.2147,-60.3097,-23.7779
1930,7,1.1938,9.7659,1.1938,-33.6213,9.7659,-75.3538,18.3732
1930,8,-43.8367,-8.26,-43.8367,-35.3133,-8.26,-73.5711,-69.3935
1930,9,4.7557,3.5081,4.7557,-23.7057,3.5081,-48.4595,-25.7239
1930,10,147.5866,-29.9891,147.5866,-12.3821,-29.9891,6.2467,181.1948
1930,11,78.0505,-35.2303,78.0505,-7.8432,-35.2303,27.9242,81.6319
1930,12,25.8349,5.7011,25.8349,-3.3324,5.7011,55.8355,-1.0577
1931,1,38.8971,18.3523,38.8971,9.6932,18.3523,59.9643,22.9661
1931,2,-68.4861,55.7333,-68.4861,21.9597,55.7333,24.4511,-123.9188
1931,3,-101.144,54.9314,-101.144,19.6416,54.9314,10.5034,-183.5632
1931,4,-60.3683,16.0093,-60.3683,13.5889,16.0093,-0.76086,-122.8655
1931,5,-21.497,21.9242,-21.497,-3.556,21.9242,-25.598,-16.1979
1931,6,14.4096,22.916,14.4096,-20.6259,22.916,-42.1346,56.0905
1931,7,2.4805,11.5106,2.4805,-25.3042,11.5106,-66.7699,7.4796
1931,8,-86.6282,2.303,-86.6282,-28.0204,2.303,-60.2946,-93.5282
1931,9,-35.5156,16.205,-35.5156,-13.57,16.205,-35.0232,-13.1084
1931,10,56.5326,-28.3232,56.5326,3.0723,-28.3232,2.3088,52.3682
1931,11,116.354,-21.5908,116.354,7.2069,-21.5908,69.7617,130.82
1931,12,212.7075,-3.0295,212.7075,6.1687,-3.0295,114.3533,304.2502
1932,1,15.6671,-17.7853,15.6671,12.1447,-17.7853,96.8729,58.2611
1932,2,-184.2914,79.1664,-184.2914,13.1632,79.1664,58.2779,-238.1668
1932,3,-26.8959,117.2221,-26.8959,14.4907,117.2221,29.0539,-60.0536
1932,4,-43.9762,29.4141,-43.9762,1.7792,29.4141,-4.594,-70.0767
1932,5,-99.7564,25.6745,-99.7564,-10.8505,25.6745,-27.8853,-125.2746
1932,6,-60.9996,62.7965,-60.9996,-26.3858,62.7965,-47.704,-67.3296
1932,7,-48.8384,35.2153,-48.8384,-26.5952,35.2153,-37.2672,-44.8589
1932,8,1.7585,-6.1412,1.7585,-13.4232,-6.1412,-41.8434,38.6038
1932,9,81.9072,-23.9009,81.9072,-8.9335,-23.9009,-37.4316,108.8251
1932,10,43.5131,-54.2891,43.5131,-3.4569,-54.2891,2.9711,45.4384
1932,11,32.0343,-73.2645,32.0343,-1.6632,-73.2645,43.4651,48.7745
1932,12,4.8891,-24.3456,4.8891,3.5078,-24.3456,103.039,-11.7291
1933,1,-12.1728,17.0614,-12.1728,9.801,17.0614,83.1705,-41.6991
1933,2,-22.6113,35.8549,-22.6113,11.0531,35.8549,44.2812,-31.7615
1933,3,-24.3559,41.3042,-24.3559,18.9182,41.3042,29.5314,-31.0385
1933,4,-80.3137,24.6152,-80.3137,10.9513,24.6152,1.6248,-105.5735
1933,5,-100.252,36.9815,-100.252,-4.1711,36.9815,-25.3904,-161.7409
1933,6,-71.6847,7.3168,-71.6847,-18.6308,7.3168,-51.7578,-84.7615
1933,7,-31.8669,-12.8202,-31.8669,-27.4979,-12.8202,-39.6003,6.7044
1933,8,-92.5055,-2.9721,-92.5055,-22.6624,-2.9721,-39.8547,-102.9659
1933,9,-119.0623,-16.2955,-119.0623,-8.5865,-16.2955,-37.9709,-173.7822
1933,10,-142.0526,-25.4273,-142.0526,6.1725,-25.4273,11.1712,-209.5994
1933,11,-207.7846,-16.4408,-207.7846,13.2724,-16.4408,49.089,-308.1239
1933,12,-8.0929,-38.4684,-8.0929,9.5537,-38.4684,91.2665,-34.2731
1934,1,153.9231,-27.363,153.9231,17.814,-27.363,100.2006,241.6114
1934,2,14.63,-33.3314,14.63,26.1341,-33.3314,62.6238,59.2009
1934,3,-50.2167,-29.777,-50.2167,20.3225,-29.777,32.4276,-102.9296
1934,4,-77.3366,-7.0319,-77.3366,7.626,-7.0319,-10.921,-85.5156
1934,5,-73.5665,19.3108,-73.5665,-3.1589,19.3108,-29.9916,-51.8987
1934,6,-96.4334,30.9174,-96.4334,-14.6316,30.9174,-30.2928,-92.3265
1934,7,-33.7286,6.0753,-33.7286,-22.3008,6.0753,-48.675,-22.5816
1934,8,4.1581,-29.1592,4.1581,-23.6538,-29.1592,-69.823,1.2443
1934,9,120.896,-17.7772,120.896,-18.2976,-17.7772,-44.533,149.386
1934,10,83.1076,-6.1019,83.1076,-5.6068,-6.1019,10.1799,127.7638
1934,11,-28.3964,-25.4906,-28.3964,2.3504,-25.4906,41.2328,-75.8084
1934,12,-20.7972,-18.4189,-20.7972,3.8689,-18.4189,62.4039,-72.4961
1935,1,79.9804,-32.5735,79.9804,6.0602,-32.5735,63.8756,113.857
1935,2,88.1434,-9.9335,88.1434,12.971,-9.9335,41.7187,117.821
1935,3,-70.1346,34.4784,-70.1346,17.3626,34.4784,16.3318,-111.2697
1935,4,-121.7522,52.6473,-121.7522,8.6675,52.6473,-9.7201,-161.1486
1935,5,-122.2587,34.3305,-122.2587,-6.1569,34.3305,-31.4112,-151.2384
1935,6,-2.5212,-5.6797,-2.5212,-21.9494,-5.6797,-52.1161,39.5435
1935,7,-46.8332,-0.066885,-46.8332,-26.3153,-0.066885,-61.8295,-21.9072
1935,8,34.7002,-0.62241,34.7002,-24.9006,-0.62241,-63.9953,58.1541
1935,9,194.9252,-34.0456,194.9252,-18.9218,-34.0456,-42.95,262.692
1935,10,129.9199,-49.111,129.9199,-2.0955,-49.111,4.6374,133.6507
1935,11,30.554,-4.7886,30.554,-1.6187,-4.7886,34.0192,-33.7907
1935,12,63.4476,36.1971,63.4476,-2.4584,36.1971,57.613,33.0478
1936,1,20.6387,6.8856,20.6387,5.4336,6.8856,39.1991,-46.4071
1936,2,-100.9119,-12.559,-100.9119,8.3554,-12.559,39.5193,-221.4895
1936,3,-86.3828,4.0896,-86.3828,7.2819,4.0896,43.0767,-159.9185
1936,4,-149.6071,8.4459,-149.6071,2.2068,8.4459,7.8692,-236.2873
1936,5,-156.7574,16.1801,-156.7574,-7.8681,16.1801,-17.8042,-241.0313
1936,6,-20.7436,44.4856,-20.7436,-20.6359,44.4856,-43.3341,-20.1165
1936,7,5.4789,25.5199,5.4789,-31.643,25.5199,-61.1468,39.0572
1936,8,-88.5079,-14.1849,-88.5079,-31.4811,-14.1849,-57.172,-94.3653
1936,9,-15.7578,-26.8363,-15.7578,-16.9472,-26.8363,-12.4575,-18.2796
1936,10,80.0722,-26.2023,80.0722,-3.5469,-26.2023,29.4414,108.6361
1936,11,171.6937,-55.3438,171.6937,-2.3132,-55.3438,55.8694,225.038
1936,12,116.4666,-110.6728,116.4666,-2.0257,-110.6728,74.0635,91.0215
1937,1,40.3059,-33.1153,40.3059,2.6548,-33.1153,70.4565,-77.7928
1937,2,12.0637,63.3605,12.0637,10.9242,63.3605,32.6286,-37.472
1937,3,-104.1292,41.3829,-104.1292,12.3385,41.3829,11.5617,-210.6195
1937,4,-97.7423,10.6668,-97.7423,4.5104,10.6668,-1.0692,-181.3045
1937,5,-63.656,11.6861,-63.656,-3.5971,11.6861,-29.2458,-72.5036
1937,6,-29.0997,25.4773,-29.0997,-13.6501,25.4773,-42.7156,-18.7026
1937,7,-54.9276,8.3265,-54.9276,-13.5926,8.3265,-45.821,-68.7604
1937,8,-23.8415,-4.5689,-23.8415,-10.01,-4.5689,-36.8404,-19.8312
1937,9,-7.2128,-4.8823,-7.2128,-7.006,-4.8823,-27.9188,-0.29569
1937,10,-72.0106,-12.4133,-72.0106,-1.277,-12.4133,6.9058,-119.8102
1937,11,-114.583,-9.859,-114.583,6.6922,-9.859,40.2632,-205.6787
1937,12,28.8649,-26.9117,28.8649,6.0604,-26.9117,75.1739,-14.424
1938,1,101.668,-48.1799,101.668,8.0661,-48.1799,82.2165,144.739
1938,2,47.8767,-19.9432,47.8767,18.4597,-19.9432,54.4585,127.2462
1938,3,58.887,8.5535,58.887,27.3353,8.5535,28.5399,154.5563
1938,4,-103.1248,17.3733,-103.1248,14.5236,17.3733,8.3492,-93.6185
1938,5,-19.1825,22.5382,-19.1825,-4.7889,22.5382,-14.9017,14.3402
1938,6,15.0802,5.5556,15.0802,-20.8587,5.5556,-31.6901,59.0503
1938,7,-56.3357,13.0368,-56.3357,-24.3164,13.0368,-36.999,-58.3345
1938,8,-80.0191,-5.0446,-80.0191,-22.0918,-5.0446,-50.8542,-90.0092
1938,9,60.5568,-39.7043,60.5568,-17.7805,-39.7043,-50.8308,80.6416
1938,10,237.8765,-47.1646,237.8765,-6.6091,-47.1646,-13.2147,294.5909
1938,11,93.8091,-39.2799,93.8091,2.8577,-39.2799,38.7632,64.7406
1938,12,-48.3684,-38.1451,-48.3684,1.4844,-38.1451,76.8585,-158.4184
1939,1,89.8567,-33.0856,89.8567,3.0095,-33.0856,78.2279,101.3296
1939,2,45.5916,-32.1103,45.5916,8.2757,-32.1103,41.8682,48.4055
1939,3,-72.8012,-1.1898,-72.8012,10.3758,-1.1898,20.9679,-122.8233
1939,4,-108.6314,24.9753,-108.6314,5.9928,24.9753,6.0865,-134.5276
1939,5,-141.009,17.519,-141.009,-0.83628,17.519,-27.2196,-177.6875
1939,6,-41.0654,18.2093,-41.0654,-19.9769,18.2093,-57.2182,-18.6837
1939,7,-53.7499,1.1044,-53.7499,-36.668,1.1044,-81.1963,-49.8636
1939,8,-137.7647,-1.3126,-137.7647,-28.963,-1.3126,-67.8954,-180.9252
1939,9,-207.2582,7.3879,-207.2582,-16.65,7.3879,-38.8632,-301.8737
1939,10,-45.2123,-10.7872,-45.2123,-3.8453,-10.7872,-7.4911,-104.4568
1939,11,81.9075,22.9311,81.9075,-2.7586,22.9311,60.4216,110.4185
1939,12,-129.82,43.7988,-129.82,-4.9658,43.7988,90.0602,-170.962
1940,1,-146.0408,16.8287,-146.0408,1.0051,16.8287,50.2303,-244.4807
1940,2,-18.2114,42.925,-18.2114,12.7103,42.925,22.6218,-79.4002
1940,3,4.4366,27.5083,4.4366,16.5385,27.5083,1.6866,-7.0042
1940,4,-100.1391,5.191,-100.1391,10.4186,5.191,-2.7155,-133.9869
1940,5,-122.307,16.3262,-122.307,-10.9722,16.3262,-32.3535,-168.1127
1940,6,-66.7174,11.529,-66.7174,-34.0859,11.529,-62.9035,-47.1927
1940,7,-20.4708,-26.6201,-20.4708,-42.0922,-26.6201,-75.6856,46.3406
1940,8,19.4013,-23.1437,19.4013,-32.1391,-23.1437,-73.8181,103.557
1940,9,-1.2506,-6.0279,-1.2506,-14.7313,-6.0279,-58.887,26.0993
1940,10,66.871,-13.5382,66.871,0.26838,-13.5382,-13.5913,69.6978
1940,11,88.5171,-47.1492,88.5171,5.5021,-47.1492,23.378,126.4875
1940,12,-149.5511,-39.5856,-149.5511,-1.5556,-39.5856,36.3918,-195.2261
1941,1,-118.7088,55.6596,-118.7088,5.9098,55.6596,29.5966,-218.9054
1941,2,-26.2733,109.9939,-26.2733,21.9125,109.9939,26.8125,-77.8744
1941,3,-144.6754,49.5738,-144.6754,13.8253,49.5738,11.8541,-196.7264
1941,4,-159.2255,22.808,-159.2255,0.33565,22.808,1.0219,-232.4209
1941,5,-98.973,45.2307,-98.973,-15.846,45.2307,-40.0257,-120.1662
1941,6,-73.8965,23.7474,-73.8965,-33.2872,23.7474,-85.1462,-72.9131
1941,7,10.1511,16.676,10.1511,-34.1446,16.676,-83.3831,32.7358
1941,8,-35.9524,7.017,-35.9524,-27.5997,7.017,-79.3895,-1.7852
1941,9,-117.0583,-0.68217,-117.0583,-15.4348,-0.68217,-50.7173,-136.1847
1941,10,-138.6321,-17.3239,-138.6321,-8.99,-17.3239,3.343,-222.8594
1941,11,-35.9666,-20.6374,-35.9666,-3.6145,-20.6374,26.5865,-80.7032
1941,12,-70.9624,-18.3454,-70.9624,-2.4563,-18.3454,33.7935,-84.2232
1942,1,-255.1066,37.3077,-255.1066,8.7486,37.3077,40.9676,-362.6467
1942,2,-206.9588,98.0172,-206.9588,26.3916,98.0172,36.7628,-310.4317
1942,3,-123.943,61.6695,-123.943,24.8708,61.6695,22.3969,-201.988
1942,4,-55.9433,6.0919,-55.9433,13.4331,6.0919,-2.0945,-77.6576
1942,5,-41.8482,1.0978,-41.8482,-2.2557,1.0978,-13.0777,-12.8383
1942,6,-55.9272,19.3148,-55.9272,-13.9419,19.3148,-24.3627,-21.7209
1942,7,-25.2175,7.691,-25.2175,-19.8179,7.691,-37.9849,-12.9584
1942,8,12.8885,-11.32,12.8885,-14.0845,-11.32,-56.2305,22.6355
1942,9,108.8575,-22.4344,108.8575,-1.4063,-22.4344,-63.6434,156.858
1942,10,49.8694,-16.0139,49.8694,17.8725,-16.0139,-49.2291,102.2269
1942,11,32.2008,-5.634,32.2008,17.5335,-5.634,15.398,51.9906
1942,12,124.3409,-20.9811,124.3409,12.1964,-20.9811,71.0675,118.6467
1943,1,195.7914,8.321,195.7914,23.2031,8.321,95.6753,259.9722
1943,2,121.662,10.4409,121.662,33.6075,10.4409,67.073,216.6109
1943,3,41.2206,17.427,41.2206,31.214,17.427,4.6239,99.5754
1943,4,31.0733,45.1879,31.0733,13.317,45.1879,-5.5443,108.4278
1943,5,-64.8017,39.7688,-64.8017,3.4178,39.7688,-37.044,-42.0947
1943,6,-28.1876,41.5476,-28.1876,-9.7342,41.5476,-72.5271,0.17938
1943,7,7.9842,42.3043,7.9842,-13.5646,42.3043,-67.6783,45.7653
1943,8,25.2687,10.9543,25.2687,-6.8563,10.9543,-63.0464,60.4907
1943,9,10.4132,-2.1569,10.4132,-3.8201,-2.1569,-53.3366,20.948
1943,10,25.3335,18.4199,25.3335,11.1827,18.4199,-26.4024,32.6367
1943,11,-20.6145,-8.7611,-20.6145,27.4823,-8.7611,30.8166,-7.9401
1943,12,154.3679,3.6125,154.3679,24.4618,3.6125,62.6061,220.6748
1944,1,127.4675,12.8936,127.4675,26.4341,12.8936,49.7061,196.8394
1944,2,-43.9454,9.6571,-43.9454,42.147,9.6571,37.8996,-39.9314
1944,3,-9.1358,33.343,-9.1358,41.7802,33.343,10.225,7.7731
1944,4,-44.792,18.3779,-44.792,30.5595,18.3779,-1.756,-30.901
1944,5,-59.6984,18.5901,-59.6984,20.8416,18.5901,-25.573,-43.4868
1944,6,-50.2839,42.722,-50.2839,7.8452,42.722,-54.1015,-42.5769
1944,7,-47.6442,32.8043,-47.6442,-5.1335,32.8043,-73.2492,-36.7111
1944,8,-21.6476,14.3483,-21.6476,-9.962,14.3483,-85.3878,9.8771
1944,9,-38.1786,-0.21226,-38.1786,4.4497,-0.21226,-72.2055,-29.5075
1944,10,-6.9821,45.771,-6.9821,16.4203,45.771,-34.7541,-44.8892
1944,11,37.7126,7.476,37.7126,20.9079,7.476,4.3333,19.9498
1944,12,-51.3663,0.84959,-51.3663,30.7209,0.84959,34.6593,-69.5187
1945,1,24.2136,21.6202,24.2136,35.3662,21.6202,59.3574,14.6491
1945,2,121.1122,15.6257,121.1122,38.1183,15.6257,52.4896,174.8898
1945,3,-6.5155,21.9777,-6.5155,38.2209,21.9777,22.8974,46.4308
1945,4,-28.1744,35.8976,-28.1744,34.7937,35.8976,-12.7576,-15.0675
1945,5,-7.4006,41.7035,-7.4006,9.8449,41.7035,-30.9208,19.8099
1945,6,-33.4965,8.399,-33.4965,-10.3143,8.399,-38.6842,6.8392
1945,7,-59.4534,-1.2489,-59.4534,-6.9538,-1.2489,-42.8241,-63.4429
1945,8,-56.7247,-17.4059,-56.7247,-2.1192,-17.4059,-68.2248,-79.4678
1945,9,-32.4196,-8.2071,-32.4196,2.912,-8.2071,-61.1586,-31.101
1945,10,-75.704,7.6454,-75.704,13.419,7.6454,-10.8261,-101.8006
1945,11,-65.0773,27.7515,-65.0773,18.1457,27.7515,18.2221,-151.0554
1945,12,36.9813,15.1882,36.9813,14.2596,15.1882,48.3565,-5.8414
1946,1,112.8393,8.2431,112.8393,21.3977,8.2431,88.8226,123.4215
1946,2,-27.8218,20.1818,-27.8218,31.1982,20.1818,71.1944,-42.2055
1946,3,-95.0678,44.7937,-95.0678,36.3609,44.7937,11.2524,-128.9446
1946,4,-121.8225,45.265,-121.8225,20.4534,45.265,-16.5049,-143.9978
1946,5,-99.1408,22.4762,-99.1408,-0.78514,22.4762,-48.319,-149.5233
1946,6,-6.7258,9.6271,-6.7258,-20.8925,9.6271,-63.4287,12.5912
1946,7,-19.1291,-8.1328,-19.1291,-29.0922,-8.1328,-71.6123,-8.7275
1946,8,43.1843,-31.1549,43.1843,-21.975,-31.1549,-75.1274,62.7076
1946,9,-51.312,-35.5049,-51.312,-13.9093,-35.5049,-49.3642,-72.275
1946,10,-94.711,-24.5957,-94.711,-1.4968,-24.5957,-17.4687,-175.5452
1946,11,-36.7397,-41.9921,-36.7397,10.0132,-41.9921,8.8914,-85.383
1946,12,-118.0795,-51.1335,-118.0795,11.5143,-51.1335,36.9997,-209.7748
1947,1,-264.4894,61.8632,-264.4894,15.1444,61.8632,59.1259,-420.5806
1947,2,-216.1483,136.8083,-216.1483,15.6615,136.8083,58.378,-365.8499
1947,3,88.5108,35.1763,88.5108,11.4876,35.1763,15.3189,94.1544
1947,4,-5.5554,-8.4151,-5.5554,13.0026,-8.4151,-9.2861,14.3926
1947,5,-110.0826,24.7751,-110.0826,8.4014,24.7751,-34.8585,-160.2979
1947,6,-23.658,19.9243,-23.658,-6.571,19.9243,-52.4387,-9.9198
1947,7,-113.0993,-5.0448,-113.0993,-19.6344,-5.0448,-50.7984,-122.7333
1947,8,-98.9926,-39.3439,-98.9926,-22.1773,-39.3439,-42.4234,-113.6006
1947,9,-74.3819,-36.082,-74.3819,-11.4539,-36.082,-51.831,-62.8332
1947,10,-13.4846,22.4205,-13.4846,5.6657,22.4205,-14.9724,-27.7731
1947,11,70.2954,34.2456,70.2954,12.3967,34.2456,53.1499,70.6519
1947,12,71.2592,16.1668,71.2592,4.7389,16.1668,100.2512,43.9849
1948,1,48.788,-28.349,48.788,10.0839,-28.349,78.0661,13.8826
1948,2,-35.8409,-53.4286,-35.8409,16.9381,-53.4286,47.0357,-24.2263
1948,3,9.2819,-21.8086,9.2819,17.8559,-21.8086,23.8163,48.7085
1948,4,-66.3276,8.6907,-66.3276,15.1734,8.6907,-18.2221,-72.3566
1948,5,-81.9427,24.7182,-81.9427,-7.6552,24.7182,-33.5064,-95.3686
1948,6,-37.0881,36.2781,-37.0881,-19.6914,36.2781,-43.9847,-27.9383
1948,7,-20.3713,31.4827,-20.3713,-20.4586,31.4827,-53.6265,-7.0683
1948,8,53.2072,9.036,53.2072,-22.4627,9.036,-76.5742,101.0151
1948,9,97.8853,-13.5382,97.8853,-13.0555,-13.5382,-68.7255,172.1102
1948,10,76.9135,-28.2805,76.9135,-3.5361,-28.2805,-7.5656,141.0312
1948,11,89.9803,-5.3271,89.9803,4.7905,-5.3271,37.0578,120.1184
1948,12,192.2756,-23.0564,192.2756,11.9947,-23.0564,65.7795,253.8821
1949,1,230.6046,-49.4881,230.6046,17.3803,-49.4881,76.2149,337.2962
1949,2,43.9038,-2.9651,43.9038,22.1025,-2.9651,42.3702,83.7231
1949,3,-16.1524,45.1989,-16.1524,20.933,45.1989,22.1498,-7.8083
1949,4,41.2205,40.7414,41.2205,21.7575,40.7414,-0.62497,76.4719
1949,5,-68.9158,23.4945,-68.9158,15.0498,23.4945,-30.0659,-64.7107
1949,6,-75.2692,27.9555,-75.2692,5.4898,27.9555,-48.1075,-58.5771
1949,7,-58.3847,24.4727,-58.3847,-5.2515,24.4727,-55.9868,-27.8639
1949,8,-72.3885,8.645,-72.3885,-5.118,8.645,-63.9569,-73.1828
1949,9,-8.8507,-33.008,-8.8507,4.9868,-33.008,-52.1347,-12.0705
1949,10,72.587,-12.8746,72.587,10.2429,-12.8746,-12.0452,76.3797
1949,11,169.3686,-28.1576,169.3686,17.5072,-28.1576,29.6352,184.2705
1949,12,115.2593,-95.2709,115.2593,20.0764,-95.2709,46.6353,145.376
1950,1,91.6615,-54.102,91.6615,17.3442,-54.102,65.1911,74.9109
1950,2,172.555,0.27973,172.555,21.802,0.27973,65.8517,214.3011
1950,3,82.3954,39.414,82.3954,28.4904,39.414,35.0506,118.2098
1950,4,-40.5637,18.9946,-40.5637,23.3654,18.9946,3.5419,-24.9854
1950,5,-82.7288,7.5974,-82.7288,3.8468,7.5974,-25.0285,-63.083
1950,6,-3.5692,20.4259,-3.5692,-13.1673,20.4259,-46.3974,38.3838
1950,7,8.7266,9.769,8.7266,-13.2145,9.769,-59.4751,14.3608
1950,8,115.4633,-5.0339,115.4633,-17.8486,-5.0339,-61.7873,139.1638
1950,9,155.2378,-24.0822,155.2378,-13.9261,-24.0822,-44.3536,207.6412
1950,10,77.1193,-17.3858,77.1193,4.9384,-17.3858,0.39601,74.1228
1950,11,-0.7621,-4.9233,-0.7621,12.8435,-4.9233,59.6122,-39.6678
1950,12,14.6398,-30.4688,14.6398,8.1521,-30.4688,90.4915,-21.4161
1951,1,77.6407,-43.1269,77.6407,10.2873,-43.1269,70.3292,28.248
1951,2,1.8247,-27.1251,1.8247,16.8764,-27.1251,59.5466,-60.0251
1951,3,1.4781,38.0514,1.4781,23.3258,38.0514,28.1341,-7.038
1951,4,-81.2452,48.8547,-81.2452,12.606,48.8547,-23.8754,-85.5148
1951,5,-142.369,21.3222,-142.369,-3.0218,21.3222,-49.1774,-189.4041
1951,6,-60.8077,5.5708,-60.8077,-16.125,5.5708,-51.3824,-29.4177
1951,7,-1.1635,10.6793,-1.1635,-18.6436,10.6793,-70.9361,34.2475
1951,8,27.2268,-17.5108,27.2268,-17.7418,-17.5108,-71.4288,41.5585
1951,9,-49.0998,-36.6026,-49.0998,-12.8237,-36.6026,-53.4824,-60.7257
1951,10,9.3141,-23.6513,9.3141,-2.3897,-23.6513,-30.5756,-21.6586
1951,11,260.4551,-34.2027,260.4551,2.5313,-34.2027,26.1607,317.4636
1951,12,295.8561,-31.4365,295.8561,13.2696,-31.4365,70.1046,372.3878
1952,1,109.3523,29.3704,109.3523,14.2458,29.3704,78.3744,143.2263
1952,2,-39.9919,65.0852,-39.9919,18.87,65.0852,38.3696,-58.168
1952,3,-49.9685,26.2395,-49.9685,21.7145,26.2395,4.6283,-114.8794
1952,4,-41.8286,41.942,-41.8286,14.5755,41.942,-8.2449,-56.0585
1952,5,-24.0354,61.87,-24.0354,-0.77252,61.87,-42.6867,-1.3606
1952,6,-15.6038,25.4261,-15.6038,-13.3833,25.4261,-62.8793,40.3029
1952,7,-19.8768,-4.6579,-19.8768,-10.9403,-4.6579,-57.7385,23.1121
1952,8,34.8302,-16.9661,34.8302,-9.776,-16.9661,-55.3483,80.4686
1952,9,16.359,-20.0698,16.359,-12.8262,-20.0698,-53.9918,16.5973
1952,10,-16.7874,-15.8192,-16.7874,-3.6222,-15.8192,-20.3355,-80.5088
1952,11,-63.373,-27.9119,-63.373,7.2056,-27.9119,19.1496,-112.5242
1952,12,11.2089,-16.7338,11.2089,7.0507,-16.7338,48.1338,20.7037
1953,1,-19.5877,-17.7424,-19.5877,8.2689,-17.7424,56.1231,-19.5982
1953,2,-80.539,-6.8184,-80.539,17.1096,-6.8184,32.6673,-87.2702
1953,3,-54.2712,34.7893,-54.2712,19.6105,34.7893,6.8524,-36.1125
1953,4,-61.5519,47.7268,-61.5519,12.1809,47.7268,-18.5283,-76.5638
1953,5,-93.6763,22.9947,-93.6763,-1.6851,22.9947,-41.184,-130.9818
1953,6,-27.4667,15.7537,-27.4667,-11.5276,15.7537,-42.7604,-24.526
1953,7,64.8683,-0.65056,64.8683,-14.8564,-0.65056,-59.2607,125.2605
1953,8,47.1997,-12.9973,47.1997,-10.3357,-12.9973,-70.1954,93.7835
1953,9,13.5604,-23.0458,13.5604,-8.6239,-23.0458,-38.9614,26.4319
1953,10,97.803,-35.2505,97.803,-5.5208,-35.2505,-7.2573,113.7933
1953,11,108.6777,-33.0693,108.6777,2.6625,-33.0693,20.8382,130.0564
1953,12,-48.7848,-22.5624,-48.7848,5.6999,-22.5624,51.7587,-72.8612
1954,1,-131.1141,-1.3116,-131.1141,8.8341,-1.3116,60.7466,-227.4832
1954,2,-90.4817,17.0309,-90.4817,17.2848,17.0309,57.8343,-200.1034
1954,3,-47.7488,-13.8041,-47.7488,19.9853,-13.8041,33.3095,-76.6157
1954,4,-127.2578,-25.1794,-127.2578,10.7758,-25.1794,3.0738,-162.8057
1954,5,-82.9784,15.7029,-82.9784,1.2271,15.7029,-23.4053,-101.8236
1954,6,38.149,24.0295,38.149,-10.9466,24.0295,-37.6919,72.7336
1954,7,35.2533,25.0512,35.2533,-17.5678,25.0512,-43.9995,65.7089
1954,8,97.6912,2.7545,97.6912,-18.8038,2.7545,-66.715,145.2064
1954,9,200.1646,-18.3187,200.1646,-11.5126,-18.3187,-47.5348,268.9833
1954,10,138.7343,-26.4649,138.7343,2.3185,-26.4649,-4.3091,160.1566
1954,11,187.4392,-11.0334,187.4392,8.961,-11.0334,47.9825,207.3963
1954,12,165.8562,55.8493,165.8562,4.0063,55.8493,108.9127,202.6582
1955,1,-1.4091,28.3222,-1.4091,11.7233,28.3222,108.7021,-40.6016
1955,2,-106.6691,-11.996,-106.6691,20.9637,-11.996,67.0473,-174.4913
1955,3,-105.5393,38.7192,-105.5393,22.7513,38.7192,33.9693,-147.9647
1955,4,4.5811,32.4493,4.5811,13.1305,32.4493,6.8439,19.1926
1955,5,-9.7851,37.3247,-9.7851,-0.010288,37.3247,-24.0838,23.2282
1955,6,-97.5626,23.754,-97.5626,-8.234,23.754,-43.8047,-110.3143
1955,7,-119.4602,-2.0748,-119.4602,-15.292,-2.0748,-43.8776,-154.2505
1955,8,-32.7855,-33.7291,-32.7855,-14.5062,-33.7291,-31.5353,-41.4946
1955,9,49.813,-35.3968,49.813,-2.405,-35.3968,-14.9787,79.0498
1955,10,-6.196,5.306,-6.196,6.2304,5.306,4.0946,18.3596
1955,11,96.3179,4.4014,96.3179,7.6101,4.4014,41.6685,123.5355
1955,12,162.4289,49.7058,162.4289,12.2043,49.7058,72.768,195.0733
1956,1,-109.9733,45.5403,-109.9733,15.7572,45.5403,65.416,-151.1891
1956,2,-214.7039,-15.2616,-214.7039,13.4588,-15.2616,45.6042,-324.3347
1956,3,-79.9411,28.7249,-79.9411,15.5767,28.7249,22.6818,-145.9633
1956,4,-49.2378,12.2751,-49.2378,13.3379,12.2751,-8.102,-51.682
1956,5,-14.5677,-9.5897,-14.5677,-1.6543,-9.5897,-27.3137,21.3987
1956,6,-25.4767,4.7697,-25.4767,-18.9868,4.7697,-43.0498,6.8154
1956,7,15.8333,9.9095,15.8333,-24.4478,9.9095,-54.7437,52.5018
1956,8,-4.4051,-15.4126,-4.4051,-21.0784,-15.4126,-62.9057,27.5712
1956,9,-9.2697,-65.3378,-9.2697,-10.4471,-65.3378,-37.1298,10.8527
1956,10,7.3287,-59.4593,7.3287,0.89583,-59.4593,18.8169,31.3548
1956,11,56.1153,-52.0547,56.1153,-1.6351,-52.0547,43.7134,60.2194
1956,12,156.5975,-76.5776,156.5975,-5.8914,-76.5776,55.0268,178.6921
1957,1,173.1478,-54.5744,173.1478,1.2033,-54.5744,57.4535,200.7283
1957,2,92.8903,21.1478,92.8903,4.1327,21.1478,41.5348,69.6745
1957,3,-61.3563,31.513,-61.3563,12.9633,31.513,11.583,-105.3389
1957,4,-153.2484,13.6313,-153.2484,7.7812,13.6313,-10.2501,-192.548
1957,5,-116.0312,21.1543,-116.0312,-7.9813,21.1543,-39.7534,-107.2642
1957,6,-72.2371,21.1799,-72.2371,-17.109,21.1799,-48.826,-37.4731
1957,7,-13.6635,4.8098,-13.6635,-17.607,4.8098,-57.7938,15.3703
1957,8,50.9063,-29.0456,50.9063,-21.8566,-29.0456,-72.6841,98.2294
1957,9,126.593,-33.1351,126.593,-17.5052,-33.1351,-54.0753,195.1759
1957,10,63.9461,-28.0094,63.9461,-8.3514,-28.0094,-8.8735,102.2661
1957,11,33.4309,-48.9699,33.4309,-1.3355,-48.9699,53.7948,43.0888
1957,12,123.5129,-22.3131,123.5129,2.1674,-22.3131,75.2408,128.9465
1958,1,101.2703,90.814,101.2703,2.5887,90.814,63.6598,77.2176
1958,2,-44.3751,132.4201,-44.3751,4.259,132.4201,42.8814,-118.0294
1958,3,-143.7163,62.3478,-143.7163,12.2558,62.3478,19.2285,-242.5586
1958,4,-70.366,2.1142,-70.366,9.0466,2.1142,-5.6194,-90.4045
1958,5,-49.3107,-1.0939,-49.3107,-11.6322,-1.0939,-38.3086,-38.2816
1958,6,-36.6903,14.8689,-36.6903,-23.3362,14.8689,-53.382,-29.7637
1958,7,5.9455,18.1303,5.9455,-21.4653,18.1303,-47.8796,20.9487
1958,8,-17.9233,5.8882,-17.9233,-11.0486,5.8882,-57.5762,-38.0665
1958,9,18.2233,-9.7132,18.2233,1.5105,-9.7132,-52.1541,15.9295
1958,10,-15.9023,-19.3303,-15.9023,6.6657,-19.3303,10.1996,-6.6396
1958,11,-24.1069,-59.6005,-24.1069,2.2277,-59.6005,53.453,-49.8716
1958,12,97.1253,-35.031,97.1253,6.655,-35.031,75.9524,104.9811
1959,1,22.2155,-27.7915,22.2155,8.1954,-27.7915,60.2176,65.5557
1959,2,-64.1891,-17.018,-64.1891,6.8913,-17.018,29.7487,-82.781
1959,3,-8.8562,14.1481,-8.8562,15.5312,14.1481,25.5732,-64.416
1959,4,-68.9704,5.6737,-68.9704,16.8111,5.6737,5.0424,-92.6285
1959,5,-116.9943,14.9939,-116.9943,5.4635,14.9939,-12.6088,-129.7229
1959,6,-50.8943,-7.1164,-50.8943,-12.2558,-7.1164,-38.427,-40.6771
1959,7,-58.014,-10.5159,-58.014,-14.1209,-10.5159,-55.7726,-48.8377
1959,8,-93.7538,-23.6708,-93.7538,-10.1876,-23.6708,-56.2761,-79.978
1959,9,-49.9428,-46.8235,-49.9428,-9.4586,-46.8235,-24.7399,-38.595
1959,10,7.1153,-48.2172,7.1153,-3.1112,-48.2172,15.4942,-20.3653
1959,11,28.1206,-56.5419,28.1206,-3.3536,-56.5419,45.3323,-71.3736
1959,12,21.1565,-12.981,21.1565,-3.7964,-12.981,63.9387,-90.0532
1960,1,-21.1667,63.3786,-21.1667,1.4562,63.3786,77.8857,-115.1418
1960,2,-88.1051,91.2139,-88.1051,10.1007,91.2139,42.5475,-192.7387
1960,3,-124.9793,53.3887,-124.9793,11.1338,53.3887,5.5125,-223.9091
1960,4,-82.8106,8.8615,-82.8106,3.9917,8.8615,0.57553,-112.4628
1960,5,-83.4123,8.2314,-83.4123,-8.1039,8.2314,-38.8075,-82.4297
1960,6,-7.4404,18.1744,-7.4404,-14.9839,18.1744,-50.6256,17.6855
1960,7,6.8042,5.2179,6.8042,-17.0856,5.2179,-51.102,13.7649
1960,8,-42.5389,-25.8056,-42.5389,-16.1445,-25.8056,-60.3461,-68.7954
1960,9,-95.2537,-26.5126,-95.2537,-7.8422,-26.5126,-37.0965,-196.5144
1960,10,18.2876,-4.7061,18.2876,3.7156,-4.7061,-12.571,-73.3614
1960,11,158.1826,-34.1955,158.1826,3.1873,-34.1955,40.1127,140.0685
1960,12,94.0652,-33.2144,94.0652,4.4484,-33.2144,79.4096,79.7129
1961,1,101.439,-5.1314,101.439,3.7411,-5.1314,72.9796,102.9091
1961,2,173.4009,23.0766,173.4009,8.6509,23.0766,42.8174,249.2488
1961,3,79.8381,87.5267,79.8381,18.8912,87.5267,22.0141,130.751
1961,4,-15.2272,75.3827,-15.2272,13.0223,75.3827,0.15235,-35.4471
1961,5,7.3199,26.0153,7.3199,0.13623,26.0153,-45.9983,37.8267
1961,6,42.9299,20.5189,42.9299,-10.7539,20.5189,-63.2501,97.9937
1961,7,48.4463,-0.40214,48.4463,-22.5046,-0.40214,-63.9336,103.4846
1961,8,51.2983,-24.8495,51.2983,-21.0044,-24.8495,-71.5722,79.2458
1961,9,64.4077,-18.8734,64.4077,-1.264,-18.8734,-50.9921,54.5834
1961,10,40.4929,-0.4626,40.4929,6.627,-0.4626,13.459,36.205
1961,11,10.4818,17.5764,10.4818,5.4251,17.5764,74.5406,7.2256
1961,12,193.479,-32.9559,193.479,6.9191,-32.9559,123.1458,220.2833
1962,1,204.2933,-70.861,204.2933,12.1358,-70.861,125.3707,262.8777
1962,2,-24.5255,21.1035,-24.5255,17.2192,21.1035,88.2538,-21.8594
1962,3,-52.2113,64.0353,-52.2113,18.5419,64.0353,44.5652,-95.8798
1962,4,-37.4579,18.6789,-37.4579,12.2908,18.6789,9.5097,-49.8011
1962,5,-20.6608,6.2344,-20.6608,2.9915,6.2344,-18.8501,7.019
1962,6,-28.4886,30.774,-28.4886,-10.7494,30.774,-51.097,2.7982
1962,7,39.2389,19.5385,39.2389,-18.886,19.5385,-56.6097,87.9757
1962,8,82.2417,-1.5968,82.2417,-19.6008,-1.5968,-56.8782,140.6758
1962,9,20.4205,10.275,20.4205,-11.2525,10.275,-33.0072,47.914
1962,10,-64.5744,10.418,-64.5744,0.073166,10.418,8.9413,-87.9879
1962,11,-84.0671,-16.394,-84.0671,-0.93391,-16.394,49.869,-143.231
1962,12,-180.6006,-11.8459,-180.6006,4.3918,-11.8459,96.2226,-235.1615
1963,1,-249.2987,-24.4464,-249.2987,13.7306,-24.4464,111.5256,-354.1153
1963,2,-55.6469,-18.5359,-55.6469,16.8637,-18.5359,86.207,-163.8659
1963,3,-13.2975,57.8445,-13.2975,20.571,57.8445,56.0543,-91.0595
1963,4,-41.6189,48.9813,-41.6189,23.279,48.9813,29.7128,-79.4663
1963,5,-39.1643,15.0061,-39.1643,7.958,15.0061,-24.3063,-44.4443
1963,6,-47.3451,41.1941,-47.3451,-5.9669,41.1941,-53.4321,-33.058
1963,7,0.66709,34.5316,0.66709,-8.8409,34.5316,-55.1317,18.6245
1963,8,50.0472,4.2702,50.0472,-6.6511,4.2702,-66.9168,76.0297
1963,9,93.2146,-12.3993,93.2146,-6.2861,-12.3993,-41.162,141.7791
1963,10,166.4198,6.2644,166.4198,-3.0139,6.2644,12.6801,203.1804
1963,11,96.2792,-19.8601,96.2792,0.47034,-19.8601,42.0212,112.6811
1963,12,-28.3203,-14.0234,-28.3203,1.0287,-14.0234,55.073,-19.256
1964,1,-39.8701,39.7816,-39.8701,7.8289,39.7816,89.8819,-40.2137
1964,2,-152.3965,66.258,-152.3965,11.6844,66.258,92.7827,-247.6768
1964,3,-154.6386,2.9942,-154.6386,14.8977,2.9942,46.4828,-250.8566
1964,4,6.7533,-5.2237,6.7533,11.7814,-5.2237,6.5131,11.6184
1964,5,17.6637,32.2296,17.6637,2.9013,32.2296,-36.8581,45.7834
1964,6,16.7708,9.7553,16.7708,-1.2108,9.7553,-39.2887,62.5754
1964,7,13.8981,2.3774,13.8981,-8.9843,2.3774,-54.9618,63.6565
1964,8,14.6689,-17.07,14.6689,-13.9116,-17.07,-72.0194,60.3095
1964,9,-1.3537,-32.6753,-1.3537,-11.7707,-32.6753,-48.7136,19.9343
1964,10,7.8549,-30.5285,7.8549,-4.469,-30.5285,-17.1392,34.8366
1964,11,121.8703,-45.3509,121.8703,3.4511,-45.3509,43.5639,172.523
1964,12,131.7148,-44.4548,131.7148,8.4309,-44.4548,65.3213,148.0607
1965,1,-13.4667,-9.5559,-13.4667,7.7866,-9.5559,53.2348,-18.3645
1965,2,-111.1898,-2.4746,-111.1898,5.9897,-2.4746,48.5295,-145.13
1965,3,-23.4018,25.4364,-23.4018,10.2716,25.4364,20.1267,-64.7948
1965,4,-62.3688,13.8491,-62.3688,9.0648,13.8491,-9.9581,-109.6053
1965,5,-31.1457,13.5732,-31.1457,-9.1781,13.5732,-44.0975,-29.1295
1965,6,26.6286,23.1366,26.6286,-20.9963,23.1366,-78.243,66.8292
1965,7,8.8546,5.3041,8.8546,-16.483,5.3041,-68.1984,43.7964
1965,8,11.2763,-30.2991,11.2763,-13.6285,-30.2991,-62.0353,30.9321
1965,9,-11.0828,-32.1835,-11.0828,-11.5484,-32.1835,-49.0276,9.2346
1965,10,-55.0771,-11.2667,-55.0771,-1.4606,-11.2667,-5.1138,-75.3395
1965,11,24.4548,-42.3315,24.4548,0.89722,-42.3315,31.1986,-27.728
1965,12,26.0056,24.3851,26.0056,-3.3376,24.3851,53.1059,-42.4958
1966,1,-9.8943,37.1158,-9.8943,2.4166,37.1158,48.994,-118.4487
1966,2,110.7308,4.1032,110.7308,11.6855,4.1032,28.6656,114.2402
1966,3,-8.8946,3.1569,-8.8946,11.2141,3.1569,7.6689,-12.1834
1966,4,-70.079,-4.2587,-70.079,7.1543,-4.2587,-24.3557,-127.5281
1966,5,-47.4503,-16.9455,-47.4503,-1.2352,-16.9455,-54.5239,-45.0177
1966,6,-32.1603,9.3482,-32.1603,-9.3901,9.3482,-53.8807,-23.3278
1966,7,-34.0952,20.129,-34.0952,-14.0517,20.129,-47.4042,-15.8259
1966,8,18.7892,3.8543,18.7892,-18.2993,3.8543,-51.0901,69.135
1966,9,11.6695,-15.8159,11.6695,-17.3758,-15.8159,-36.389,44.5836
1966,10,-64.9385,-53.5282,-64.9385,1.4811,-53.5282,3.221,-108.0067
1966,11,46.5203,-50.9317,46.5203,15.2179,-50.9317,38.7647,27.8529
1966,12,86.8028,-23.798,86.8028,12.7216,-23.798,80.879,78.5228
1967,1,93.2805,-30.4949,93.2805,16.434,-30.4949,109.5037,92.3241
1967,2,319.838,-31.0522,319.838,26.8644,-31.0522,84.0295,404.0859
1967,3,194.2574,-15.3064,194.2574,30.3033,-15.3064,32.2505,282.7691
1967,4,-69.032,10.3412,-69.032,21.0025,10.3412,-8.326,-71.8563
1967,5,-43.6432,-16.731,-43.6432,3.5948,-16.731,-39.7564,-28.2132
1967,6,-33.4547,-28.6624,-33.4547,-13.3232,-28.6624,-59.477,3.6181
1967,7,-5.9564,-31.6354,-5.9564,-24.0177,-31.6354,-69.5267,19.4493
1967,8,14.7169,-34.5243,14.7169,-26.0797,-34.5243,-73.9731,32.4089
1967,9,197.3612,-48.7645,197.3612,-20.4125,-48.7645,-45.3772,248.78
1967,10,221.4121,-43.6821,221.4121,-4.2139,-43.6821,16.1449,291.1423
1967,11,66.2718,-29.8583,66.2718,3.9651,-29.8583,86.8093,109.3658
1967,12,101.4441,-66.5271,101.4441,3.7512,-66.5271,102.7168,139.4718
1968,1,10.9885,-32.9097,10.9885,7.2286,-32.9097,63.7941,4.2513
1968,2,52.1578,7.5979,52.1578,14.8604,7.5979,55.3353,59.9666
1968,3,73.6674,-11.581,73.6674,19.4241,-11.581,49.7825,117.1581
1968,4,-87.8995,-10.8592,-87.8995,16.7419,-10.8592,7.3227,-93.526
1968,5,-78.0975,6.1781,-78.0975,7.7402,6.1781,-30.8012,-85.779
1968,6,-83.8573,-11.3948,-83.8573,-10.0795,-11.3948,-54.6074,-90.4747
1968,7,-136.7955,-20.962,-136.7955,-19.0265,-20.962,-79.5328,-173.1553
1968,8,-73.2413,-26.4814,-73.2413,-15.3536,-26.4814,-82.9511,-123.1038
1968,9,32.5287,-29.1797,32.5287,-7.3297,-29.1797,-43.6482,28.7649
1968,10,-18.8706,4.8981,-18.8706,6.9317,4.8981,-1.8771,-47.2024
1968,11,-90.2351,24.142,-90.2351,8.507,24.142,33.8473,-189.4375
1968,12,-29.9619,9.861,-29.9619,11.8831,9.861,41.835,-93.3411
1969,1,-99.163,8.1638,-99.163,21.6825,8.1638,39.8431,-203.0496
1969,2,-265.488,21.9371,-265.488,24.0788,21.9371,47.6503,-400.3681
1969,3,-176.2548,13.2667,-176.2548,25.3499,13.2667,29.0884,-265.6888
1969,4,-79.8386,-18.683,-79.8386,17.4972,-18.683,4.4099,-114.1174
1969,5,-93.4834,-16.6597,-93.4834,2.2302,-16.6597,-35.37,-142.0238
1969,6,-64.6595,-15.7283,-64.6595,-15.5245,-15.7283,-66.3905,-68.9005
1969,7,-72.2088,-20.3532,-72.2088,-19.0132,-20.3532,-59.9599,-77.7784
1969,8,-53.547,-29.247,-53.547,-13.545,-29.247,-60.3587,-45.6936
1969,9,39.6677,-53.9579,39.6677,-6.7554,-53.9579,-53.7347,110.6069
1969,10,168.3132,-51.9321,168.3132,4.2058,-51.9321,13.7971,247.3334
1969,11,35.7627,-19.3133,35.7627,11.1289,-19.3133,68.9661,48.1353
1969,12,-133.088,10.5969,-133.088,2.886,10.5969,83.1783,-243.897
1970,1,0.0089469,-20.6561,0.0089469,11.8928,-20.6561,60.7068,-96.6975
1970,2,30.4896,-27.1017,30.4896,20.4564,-27.1017,41.4724,4.9759
1970,3,14.6812,6.6483,14.6812,18.612,6.6483,31.2823,22.8838
1970,4,-38.364,-24.3627,-38.364,12.6231,-24.3627,15.2748,-51.6065
1970,5,-100.1532,-30.288,-100.1532,-5.1249,-30.288,-22.439,-143.4135
1970,6,-17.2495,-4.9154,-17.2495,-18.6003,-4.9154,-52.2277,1.948
1970,7,4.4682,2.7475,4.4682,-16.068,2.7475,-55.1761,36.1346
1970,8,2.3183,-1.1571,2.3183,-5.628,-1.1571,-53.9661,16.6853
1970,9,112.6329,-40.1381,112.6329,-2.3098,-40.1381,-49.3558,169.5574
1970,10,142.4816,-64.0811,142.4816,2.5343,-64.0811,-4.9972,181.1257
1970,11,50.6911,-10.0084,50.6911,6.5549,-10.0084,40.0879,63.4828
1970,12,14.5451,19.7601,14.5451,6.8446,19.7601,88.533,12.3839
1971,1,116.3239,-18.9858,116.3239,19.4637,-18.9858,108.4672,119.242
1971,2,-2.5794,13.5438,-2.5794,28.8599,13.5438,78.1012,-15.7419
1971,3,-104.7314,65.1745,-104.7314,29.7038,65.1745,43.5582,-149.2446
1971,4,-115.5805,28.698,-115.5805,27.4037,28.698,5.8479,-183.2576
1971,5,-74.754,5.0928,-74.754,15.1903,5.0928,-37.8659,-110.0464
1971,6,-71.4247,-1.892,-71.4247,-1.3481,-1.892,-64.29,-42.7403
1971,7,-44.401,-11.2188,-44.401,-7.3854,-11.2188,-56.0248,-13.9235
1971,8,-38.1189,-45.6093,-38.1189,-5.3668,-45.6093,-49.9859,-16.4622
1971,9,26.9602,-63.5645,26.9602,4.6609,-63.5645,-48.5176,87.0133
1971,10,130.7593,-22.1769,130.7593,12.0191,-22.1769,-8.4925,218.9959
1971,11,98.3117,-36.0501,98.3117,6.5555,-36.0501,55.8796,176.488
1971,12,-33.9815,-76.445,-33.9815,8.4126,-76.445,64.8223,-65.3617
1972,1,-156.9095,-68.1747,-156.9095,14.8451,-68.1747,36.2949,-293.8356
1972,2,-72.8772,-20.1015,-72.8772,18.06,-20.1015,25.0107,-148.8465
1972,3,-19.0281,7.3175,-19.0281,25.2402,7.3175,24.4325,-36.3751
1972,4,-6.5806,-10.4542,-6.5806,23.3751,-10.4542,-12.6663,-10.1175
1972,5,3.297,-19.1867,3.297,7.0688,-19.1867,-46.607,-1.2528
1972,6,-31.9769,-20.1067,-31.9769,-10.5371,-20.1067,-79.4158,-28.2183
1972,7,-87.8908,-26.2063,-87.8908,-13.9093,-26.2063,-90.345,-90.4721
1972,8,-93.2198,-35.7091,-93.2198,-13.7868,-35.7091,-64.9585,-88.122
1972,9,-94.9108,-62.7403,-94.9108,-11.1693,-62.7403,-33.9907,-90.3625
1972,10,108.7744,-57.6771,108.7744,5.957,-57.6771,0.54468,166.8622
1972,11,254.9878,-60.5645,254.9878,13.6107,-60.5645,31.813,330.0001
1972,12,108.6221,-27.1188,108.6221,4.766,-27.1188,59.1608,133.977
1973,1,75.0398,0.42334,75.0398,9.5229,0.42334,65.785,113.9383
1973,2,91.1421,-30.5928,91.1421,22.2731,-30.5928,61.1961,159.7482
1973,3,-3.7954,14.0999,-3.7954,26.1692,14.0999,39.9093,30.1553
1973,4,-45.4351,39.2362,-45.4351,19.1844,39.2362,2.6074,-24.2911
1973,5,-53.9522,3.3406,-53.9522,1.848,3.3406,-19.2042,-29.4527
1973,6,-53.1899,3.5731,-53.1899,-6.8563,3.5731,-43.3873,-34.9144
1973,7,-37.5478,8.1634,-37.5478,-12.9638,8.1634,-52.5692,-12.0435
1973,8,-23.3143,-5.3069,-23.3143,-13.2938,-5.3069,-48.4895,1.77
1973,9,-45.7355,-15.6477,-45.7355,-5.1528,-15.6477,-24.4402,-34.6007
1973,10,76.2736,-9.4755,76.2736,7.809,-9.4755,9.9252,143.5443
1973,11,225.1114,-27.3465,225.1114,8.2188,-27.3465,73.511,328.8064
1973,12,258.0249,-69.0641,258.0249,7.0981,-69.0641,82.6349,307.124
1974,1,235.3187,-35.6092,235.3187,19.6407,-35.6092,74.5165,241.3104
1974,2,-27.2059,-11.0263,-27.2059,29.3831,-11.0263,77.1544,-80.1233
1974,3,-198.9058,29.5591,-198.9058,24.3403,29.5591,30.4291,-307.6678
1974,4,-152.3513,34.5612,-152.3513,16.0017,34.5612,-0.78338,-222.9051
1974,5,-50.4946,7.8197,-50.4946,3.1558,7.8197,-35.2886,-65.4203
1974,6,37.4556,10.5821,37.4556,-7.818,10.5821,-54.9503,95.0761
1974,7,42.7581,6.1228,42.7581,-13.9051,6.1228,-68.7649,105.7656
1974,8,89.4278,-12.7855,89.4278,-9.3903,-12.7855,-54.179,120.662
1974,9,66.5836,-37.7104,66.5836,-2.2951,-37.7104,-31.2676,78.1588
1974,10,20.8233,-9.4008,20.8233,0.95725,-9.4008,-8.485,-3.0822
1974,11,295.9491,37.9411,295.9491,1.3146,37.9411,35.7253,361.129
1974,12,466.3143,-5.0146,466.3143,1.8848,-5.0146,59.1358,588.8755
1975,1,199.6441,-26.0004,199.6441,5.4322,-26.0004,63.4858,276.7957
1975,2,-82.4689,31.0033,-82.4689,14.9881,31.0033,39.8456,-123.8098
1975,3,-75.2821,93.5783,-75.2821,21.9414,93.5783,22.9328,-127.0461
1975,4,-122.8355,71.1653,-122.8355,15.5212,71.1653,6.7822,-129.9235
1975,5,-154.8625,29.9053,-154.8625,-0.64705,29.9053,-32.7134,-156.7878
1975,6,-82.5757,10.4343,-82.5757,-12.805,10.4343,-47.1579,-68.0617
1975,7,-56.5932,6.7833,-56.5932,-17.8962,6.7833,-49.3718,-42.9357
1975,8,23.959,-13.9263,23.959,-17.0337,-13.9263,-44.6978,60.5219
1975,9,60.4584,-35.2562,60.4584,-12.2706,-35.2562,-31.3905,109.7021
1975,10,-16.475,-28.1065,-16.475,-2.8406,-28.1065,6.3526,-18.3674
1975,11,62.6884,-39.3191,62.6884,5.5568,-39.3191,76.8372,141.633
1975,12,176.991,-37.9134,176.991,12.1498,-37.9134,86.9659,310.3243
1976,1,76.0557,-26.4103,76.0557,17.7486,-26.4103,59.1977,119.941
1976,2,-63.0728,-24.3055,-63.0728,21.056,-24.3055,46.2668,-88.4684
1976,3,-85.7641,13.9482,-85.7641,18.2175,13.9482,31.3337,-93.9197
1976,4,-87.559,32.8204,-87.559,8.108,32.8204,-19.0083,-103.6544
1976,5,-45.085,12.6364,-45.085,-8.2059,12.6364,-53.3885,-35.6094
1976,6,-65.1682,26.6024,-65.1682,-24.7645,26.6024,-62.8879,-31.2533
1976,7,-127.9013,11.3324,-127.9013,-33.8019,11.3324,-58.9158,-140.1754
1976,8,-160.8319,-3.4351,-160.8319,-27.443,-3.4351,-69.0348,-202.2474
1976,9,-97.0685,-11.6665,-97.0685,-11.5863,-11.6665,-47.676,-166.8574
1976,10,44.6864,-1.489,44.6864,2.1007,-1.489,32.3686,-6.3827
1976,11,47.0325,11.1242,47.0325,5.05,11.1242,72.3576,39.4892
1976,12,-0.34502,32.6806,-0.34502,3.2102,32.6806,63.4913,-38.4429
1977,1,-3.6077,59.8325,-3.6077,3.8656,59.8325,91.488,-57.3883
1977,2,25.7955,62.7648,25.7955,13.1605,62.7648,112.8287,-13.4228
1977,3,95.8666,21.1824,95.8666,23.9977,21.1824,67.3474,129.8487
1977,4,-55.6452,16.1735,-55.6452,19.4905,16.1735,11.2326,-33.7731
1977,5,-148.7766,47.7341,-148.7766,-0.25562,47.7341,-31.4023,-166.7278
1977,6,-73.8839,25.1378,-73.8839,-14.8176,25.1378,-41.5363,-48.3348
1977,7,-81.5042,-2.8083,-81.5042,-16.015,-2.8083,-59.1394,-86.7694
1977,8,-30.6876,-4.3182,-30.6876,-13.4505,-4.3182,-79.7092,-27.5287
1977,9,71.8662,-11.1196,71.8662,-15.8703,-11.1196,-43.7977,107.61
1977,10,218.3691,-51.386,218.3691,-4.5067,-51.386,31.2202,261.9299
1977,11,154.0528,-33.2675,154.0528,4.474,-33.2675,70.0354,182.996
1977,12,34.2031,1.1516,34.2031,2.009,1.1516,77.3281,15.3265
1978,1,-66.6766,17.1281,-66.6766,-1.4483,17.1281,65.9442,-117.0527
1978,2,4.8065,28.0479,4.8065,0.16231,28.0479,41.692,-68.7918
1978,3,-3.8087,35.9898,-3.8087,10.9851,35.9898,9.812,-38.3034
1978,4,-193.4435,40.0335,-193.4435,13.5097,40.0335,0.55824,-288.7043
1978,5,-111.5763,2.723,-111.5763,-4.2203,2.723,-15.5719,-163.3761
1978,6,-24.3187,12.6435,-24.3187,-11.9983,12.6435,-41.4706,-5.8548
1978,7,-29.2532,-4.4983,-29.2532,-17.6309,-4.4983,-67.3326,-11.0149
1978,8,46.0673,-17.8363,46.0673,-19.2599,-17.8363,-78.631,89.1822
1978,9,102.739,-24.0707,102.739,-11.329,-24.0707,-41.3018,175.7975
1978,10,147.3018,-65.4932,147.3018,-2.4208,-65.4932,4.1062,237.4547
1978,11,29.2391,-31.9737,29.2391,4.0426,-31.9737,61.3944,0.83358
1978,12,-127.5651,23.3748,-127.5651,16.2924,23.3748,75.1371,-265.4327
1979,1,-110.2665,23.0602,-110.2665,15.9492,23.0602,52.9202,-199.1432
1979,2,3.9252,26.666,3.9252,18.8774,26.666,36.4032,-63.2926
1979,3,36.8533,-0.8593,36.8533,20.1107,-0.8593,13.2742,22.9887
1979,4,-57.4461,-2.6903,-57.4461,8.3431,-2.6903,-21.9742,-72.1331
1979,5,-42.5004,-37.6742,-42.5004,-16.3215,-37.6742,-39.6361,-27.4406
1979,6,-48.6972,-22.2031,-48.6972,-30.5526,-22.2031,-55.9844,-0.59514
1979,7,-7.5359,-17.8731,-7.5359,-21.8422,-17.8731,-69.0499,38.9597
1979,8,45.3941,-30.6138,45.3941,-13.8606,-30.6138,-55.5786,99.8753
1979,9,-10.0624,-22.5404,-10.0624,-13.0509,-22.5404,-26.2269,2.8549
1979,10,52.1424,-28.349,52.1424,-1.5731,-28.349,32.7319,30.0905
1979,11,189.7504,-41.3435,189.7504,2.355,-41.3435,69.6982,208.4817
1979,12,41.7146,-20.269,41.7146,-0.11527,-20.269,70.7765,0.77028
1980,1,-111.2709,3.4809,-111.2709,5.6413,3.4809,72.7306,-183.6725
1980,2,-128.8783,25.8483,-128.8783,10.8594,25.8483,40.0285,-230.1117
1980,3,-127.4069,15.6343,-127.4069,12.0454,15.6343,14.1973,-206.7927
1980,4,-147.078,29.2224,-147.078,3.7187,29.2224,0.93272,-184.743
1980,5,-85.1014,34.9994,-85.1014,-12.339,34.9994,-29.2406,-113.637
1980,6,-13.1556,34.2988,-13.1556,-21.3669,34.2988,-50.2438,-22.6764
1980,7,-21.462,29.1897,-21.462,-24.444,29.1897,-75.1961,-22.2806
1980,8,39.0346,-6.7746,39.0346,-23.5238,-6.7746,-78.5048,73.5632
1980,9,97.7144,-18.3029,97.7144,-17.913,-18.3029,-53.1663,136.9826
1980,10,49.7974,25.0291,49.7974,-6.3267,25.0291,-5.0732,81.7693
1980,11,148.5323,8.711,148.5323,0.61652,8.711,55.4624,220.393
1980,12,211.692,-4.9497,211.692,0.54316,-4.9497,73.6419,317.8529
1981,1,23.3956,-43.9844,23.3956,9.2174,-43.9844,54.7592,64.8042
1981,2,59.9788,19.9221,59.9788,15.8881,19.9221,44.7265,39.974
1981,3,-31.1493,100.4911,-31.1493,22.2111,100.4911,24.8873,-47.9382
1981,4,-140.9273,20.6419,-140.9273,14.1629,20.6419,3.9642,-196.2875
1981,5,-22.0114,25.2752,-22.0114,-3.2909,25.2752,-33.0635,-32.4637
1981,6,-6.0601,33.9274,-6.0601,-12.0297,33.9274,-56.2655,36.3747
1981,7,-39.8298,19.6841,-39.8298,-13.2776,19.6841,-65.5264,-6.8267
1981,8,-21.8731,8.1595,-21.8731,-18.5784,8.1595,-72.5751,-23.8992
1981,9,111.8414,-6.9384,111.8414,-17.8645,-6.9384,-38.822,130.3671
1981,10,212.4123,13.2923,212.4123,-3.3945,13.2923,-1.1266,304.0709
1981,11,131.7547,52.0293,131.7547,3.7147,52.0293,65.6766,177.8096
1981,12,8.8691,6.9454,8.8691,7.2289,6.9454,96.9485,-44.9329
1982,1,9.584,-63.3521,9.584,10.8314,-63.3521,68.9056,-19.7687
1982,2,107.3636,-58.1884,107.3636,22.2362,-58.1884,36.9818,103.0644
1982,3,56.4976,9.5272,56.4976,27.8315,9.5272,26.5668,102.9704
1982,4,-49.529,29.3647,-49.529,15.6951,29.3647,7.5237,-12.2263
1982,5,-53.1247,0.98469,-53.1247,-11.2799,0.98469,-42.1341,-47.9954
1982,6,-104.2103,5.7665,-104.2103,-25.2322,5.7665,-78.9998,-122.4936
1982,7,-34.1654,-12.7494,-34.1654,-29.3004,-12.7494,-78.2313,-13.6317
1982,8,86.3568,-36.415,86.3568,-27.5845,-36.415,-72.9171,140.6009
1982,9,42.214,-29.609,42.214,-19.3347,-29.609,-48.0226,38.7311
1982,10,140.3828,-58.0244,140.3828,-8.8648,-58.0244,-2.8063,145.6321
1982,11,289.6631,-94.2989,289.6631,-1.9714,-94.2989,53.7415,372.3828
1982,12,405.9183,-63.5124,405.9183,-4.7137,-63.5124,92.9649,540.1684
1983,1,199.3214,-12.5606,199.3214,1.3248,-12.5606,49.0894,291.5858
1983,2,-57.9397,33.1781,-57.9397,18.905,33.1781,8.0449,-69.2283
1983,3,36.8347,41.3343,36.8347,26.7112,41.3343,9.6961,49.8265
1983,4,-31.2124,9.5813,-31.2124,25.1697,9.5813,1.7766,-75.8678
1983,5,-56.6774,-11.5401,-56.6774,1.8824,-11.5401,-27.2461,-67.5524
1983,6,-95.7923,5.1746,-95.7923,-17.7201,5.1746,-45.3801,-64.8201
1983,7,-107.7726,6.3118,-107.7726,-20.9757,6.3118,-51.1343,-85.6021
1983,8,-4.1786,-23.6939,-4.1786,-28.2773,-23.6939,-52.513,28.388
1983,9,233.3014,-44.2241,233.3014,-16.2329,-44.2241,-41.301,342.7126
1983,10,198.2028,1.6374,198.2028,-5.7864,1.6374,-4.9402,301.947
1983,11,113.8291,-2.6264,113.8291,-4.9474,-2.6264,67.5662,165.0744
1983,12,240.1625,-83.3968,240.1625,2.7857,-83.3968,101.4494,303.1439
1984,1,82.3,-69.8121,82.3,17.4303,-69.8121,103.4844,90.0334
1984,2,-171.1215,-6.1264,-171.1215,25.6924,-6.1264,78.5054,-249.5958
1984,3,-191.0408,50.4563,-191.0408,24.9096,50.4563,27.4094,-268.5907
1984,4,-115.3687,43.4713,-115.3687,19.2994,43.4713,-5.0959,-182.9325
1984,5,-91.2645,2.9914,-91.2645,3.5466,2.9914,-38.0477,-133.4088
1984,6,-50.9013,7.3076,-50.9013,-8.2678,7.3076,-49.7181,-25.7898
1984,7,-75.951,6.6078,-75.951,-12.9691,6.6078,-66.7432,-57.2175
1984,8,-46.5136,-20.9465,-46.5136,-13.6484,-20.9465,-73.354,-50.9439
1984,9,101.9339,-49.6885,101.9339,-9.2744,-49.6885,-47.1481,142.7455
1984,10,142.2937,-36.2018,142.2937,-1.5775,-36.2018,-5.0516,154.0749
1984,11,50.425,-46.8564,50.425,5.9732,-46.8564,69.4856,9.0969
1984,12,-38.1869,-23.8281,-38.1869,6.9863,-23.8281,92.2376,-69.9979
1985,1,-111.8677,20.4117,-111.8677,7.2376,20.4117,75.2811,-189.0012
1985,2,-70.6696,-9.0262,-70.6696,13.8971,-9.0262,75.6208,-134.5898
1985,3,-25.0476,-7.6814,-25.0476,23.0991,-7.6814,56.6277,-63.2739
1985,4,-68.5612,11.3274,-68.5612,14.6431,11.3274,11.9489,-116.338
1985,5,-87.9968,43.4995,-87.9968,-8.5147,43.4995,-40.1728,-131.8669
1985,6,-20.5036,24.4797,-20.5036,-22.777,24.4797,-68.3784,-1.5751
1985,7,60.5564,-7.4157,60.5564,-22.1379,-7.4157,-61.9519,102.8714
1985,8,92.4124,-29.0267,92.4124,-18.8275,-29.0267,-66.1972,161.0031
1985,9,14.212,-43.3284,14.212,-11.8716,-43.3284,-36.9153,78.6723
1985,10,-24.7634,-55.4349,-24.7634,-3.955,-55.4349,0.30188,0.34306
1985,11,71.6808,-45.4839,71.6808,0.86277,-45.4839,43.9464,89.8167
1985,12,172.6614,-39.9103,172.6614,-0.8598,-39.9103,103.3916,188.6864
1986,1,-150.1901,-31.6305,-150.1901,3.9743,-31.6305,93.5429,-236.1156
1986,2,-144.3216,-14.7663,-144.3216,11.0968,-14.7663,58.3919,-245.2631
1986,3,19.1634,-3.6839,19.1634,19.3543,-3.6839,52.3237,-9.7031
1986,4,-47.0115,11.969,-47.0115,18.0162,11.969,-6.2384,-80.2146
1986,5,-5.0235,10.5194,-5.0235,-3.1687,10.5194,-40.5636,3.5607
1986,6,-55.4587,21.7697,-55.4587,-22.8261,21.7697,-55.5648,-46.4886
1986,7,-18.7516,9.744,-18.7516,-27.6237,9.744,-82.3763,16.9575
1986,8,-30.52,-13.8934,-30.52,-20.9965,-13.8934,-78.9608,28.6835
1986,9,83.1977,-23.5616,83.1977,-22.1588,-23.5616,-46.2414,158.6818
1986,10,253.5848,-48.8199,253.5848,-9.3216,-48.8199,1.4774,327.391
1986,11,299.9761,-89.0148,299.9761,-5.16,-89.0148,50.795,376.2518
1986,12,30.0401,-10.8713,30.0401,-7.1858,-10.8713,85.765,22.4776
1987,1,-114.6699,66.4291,-114.6699,-2.9306,66.4291,77.6034,-181.6676
1987,2,-27.969,44.5655,-27.969,10.3937,44.5655,41.503,-47.8731
1987,3,-73.9756,10.1518,-73.9756,20.1073,10.1518,22.2613,-111.8375
1987,4,-103.978,-19.3099,-103.978,22.0951,-19.3099,-0.18384,-131.1551
1987,5,-89.5202,0.24765,-89.5202,1.455,0.24765,-32.5474,-82.0685
1987,6,-71.7308,11.1003,-71.7308,-15.6022,11.1003,-60.6595,-53.1922
1987,7,-72.0636,0.61561,-72.0636,-5.8251,0.61561,-65.456,-68.052
1987,8,31.7553,-5.4086,31.7553,-8.1071,-5.4086,-61.2883,67.2412
1987,9,71.5331,-35.1832,71.5331,-11.5885,-35.1832,-40.9676,75.3598
1987,10,-4.0463,-56.3322,-4.0463,-4.6041,-56.3322,-8.3874,-41.3439
1987,11,-14.0099,15.5903,-14.0099,-4.0787,15.5903,54.0978,-12.1924
1987,12,115.942,12.3425,115.942,-2.5214,12.3425,100.4145,127.4166
1988,1,170.3358,-51.8717,170.3358,12.4068,-51.8717,69.5291,167.4663
1988,2,97.6259,-8.3688,97.6259,16.5223,-8.3688,59.2829,90.2336
1988,3,-45.3052,67.5461,-45.3052,15.4838,67.5461,49.2206,-62.5527
1988,4,-125.1201,63.7409,-125.1201,15.1986,63.7409,5.862,-171.9347
1988,5,-122.5788,27.3725,-122.5788,-2.2804,27.3725,-43.4508,-179.9448
1988,6,-28.2358,34.1575,-28.2358,-14.1942,34.1575,-55.0639,-36.2256
1988,7,71.3605,1.2201,71.3605,-20.5156,1.2201,-37.2827,106.5457
1988,8,78.9479,-14.6512,78.9479,-16.7396,-14.6512,-34.3787,136.8453
1988,9,27.517,-21.5227,27.517,-7.1158,-21.5227,-54.8953,64.1347
1988,10,-14.1686,-5.8952,-14.1686,1.1811,-5.8952,13.3849,-3.6722
1988,11,93.9476,-1.8077,93.9476,7.1946,-1.8077,102.9296,152.8759
1988,12,233.3098,-34.0034,233.3098,7.2782,-34.0034,117.7836,359.2284
1989,1,359.8747,-51.4163,359.8747,13.9994,-51.4163,95.9343,504.3774
1989,2,345.026,-61.686,345.026,28.3303,-61.686,61.64,448.5928
1989,3,71.2081,-27.7863,71.2081,31.5794,-27.7863,26.0502,72.4645
1989,4,-122.3378,11.2193,-122.3378,22.2726,11.2193,-14.416,-165.9842
1989,5,-101.3983,5.8064,-101.3983,4.0482,5.8064,-39.1993,-87.3386
1989,6,-103.7421,-0.30956,-103.7421,-8.188,-0.30956,-53.7285,-95.7884
1989,7,-32.7115,-0.53172,-32.7115,-14.3114,-0.53172,-61.1923,-7.1556
1989,8,29.6789,-31.5777,29.6789,-6.7105,-31.5777,-66.6411,52.9627
1989,9,60.0451,-55.2628,60.0451,-4.3318,-55.2628,-38.081,84.6489
1989,10,69.8291,-21.5129,69.8291,2.0251,-21.5129,31.0161,101.3823
1989,11,53.9675,-5.9281,53.9675,7.7524,-5.9281,84.4303,64.4788
1989,12,303.2412,-11.8734,303.2412,5.1821,-11.8734,90.4513,377.5772
1990,1,587.5439,-34.7652,587.5439,8.6457,-34.7652,95.3333,713.9343
1990,2,522.2568,-59.7158,522.2568,18.3597,-59.7158,65.9782,675.0752
1990,3,151.4881,-52.7408,151.4881,22.6788,-52.7408,34.358,255.5224
1990,4,-99.8569,8.4471,-99.8569,9.301,8.4471,4.3283,-93.3011
1990,5,-85.5548,38.0503,-85.5548,-7.0258,38.0503,-41.9459,-92.1279
1990,6,-20.6743,16.209,-20.6743,-19.5197,16.209,-75.3391,4.4641
1990,7,-21.3576,4.1527,-21.3576,-23.3343,4.1527,-88.1935,16.7609
1990,8,19.4892,-8.0344,19.4892,-22.3594,-8.0344,-83.2358,42.7113
1990,9,64.1786,-18.0558,64.1786,-13.5934,-18.0558,-42.17,69.9597
1990,10,42.1159,13.1496,42.1159,2.1869,13.1496,-0.58674,30.1033
1990,11,36.2771,1.5432,36.2771,9.5149,1.5432,60.8371,38.1805
1990,12,155.6469,-68.085,155.6469,7.6685,-68.085,108.266,208.9297
1991,1,45.504,-52.4947,45.504,5.7132,-52.4947,85.7735,51.8552
1991,2,-94.2563,25.992,-94.2563,12.0977,25.992,53.0251,-169.7643
1991,3,-53.5954,44.3567,-53.5954,18.4549,44.3567,27.6442,-81.939
1991,4,-99.3918,5.0527,-99.3918,13.9903,5.0527,18.1198,-103.7529
1991,5,-76.6849,27.2238,-76.6849,6.1815,27.2238,-22.0263,-55.6087
1991,6,-17.3068,33.4722,-17.3068,-9.8468,33.4722,-61.345,13.3569
1991,7,-39.3628,11.3467,-39.3628,-19.0793,11.3467,-80.1702,-11.9763
1991,8,13.0402,-13.872,13.0402,-20.4769,-13.872,-89.5584,57.6847
1991,9,16.828,-29.3512,16.828,-17.0924,-29.3512,-53.4822,37.007
1991,10,103.8058,-29.7709,103.8058,-7.5613,-29.7709,21.7821,121.9566
1991,11,187.5569,-37.9691,187.5569,-3.9987,-37.9691,83.6388,266.5944
1991,12,102.465,-9.8445,102.465,3.2891,-9.8445,94.7436,212.7146
1992,1,130.9468,32.6498,130.9468,12.9457,32.6498,60.4166,227.7369
1992,2,168.5787,19.3738,168.5787,17.5934,19.3738,23.9062,231.4244
1992,3,63.0046,-0.095972,63.0046,18.2574,-0.095972,7.4556,93.1639
1992,4,-20.6896,-15.1331,-20.6896,7.6876,-15.1331,-11.0435,-5.0113
1992,5,-124.7776,-6.9949,-124.7776,-9.4009,-6.9949,-37.6972,-134.1382
1992,6,-97.6681,25.2299,-97.6681,-24.9709,25.2299,-53.3696,-112.4577
1992,7,45.1322,3.4556,45.1322,-30.1643,3.4556,-70.8489,84.4282
1992,8,67.366,-40.7688,67.366,-20.6521,-40.7688,-76.3729,96.4369
1992,9,-46.1336,-37.2254,-46.1336,-12.259,-37.2254,-49.2769,-59.8484
1992,10,73.0299,-25.1714,73.0299,-2.2761,-25.1714,27.2578,86.552
1992,11,230.9052,-44.8024,230.9052,4.0692,-44.8024,89.6546,292.9611
1992,12,362.0519,-64.5072,362.0519,2.6835,-64.5072,90.7297,482.3564
1993,1,326.3993,-50.6939,326.3993,8.9191,-50.6939,77.5715,463.5185
1993,2,-32.1196,-22.4133,-32.1196,15.7693,-22.4133,48.1605,21.6742
1993,3,-31.759,-2.9772,-31.759,18.4065,-2.9772,21.7597,-37.2135
1993,4,-92.8081,20.9289,-92.8081,20.5651,20.9289,-3.1708,-145.2448
1993,5,-92.0795,38.3022,-92.0795,2.6444,38.3022,-30.6927,-94.2497
1993,6,-24.5692,36.8568,-24.5692,-17.1637,36.8568,-55.1661,30.0124
1993,7,-7.8878,10.5628,-7.8878,-22.0284,10.5628,-71.228,47.097
1993,8,-106.0594,-17.4618,-106.0594,-19.9496,-17.4618,-71.5558,-150.3212
1993,9,-163.8001,-31.056,-163.8001,-3.7162,-31.056,-43.7005,-267.5108
1993,10,-179.8509,-64.7352,-179.8509,12.3442,-64.7352,9.6631,-274.8927
1993,11,63.7103,-39.913,63.7103,22.448,-39.913,65.6641,9.487
1993,12,292.9357,-54.4104,292.9357,23.5414,-54.4104,93.1058,350.3651
1994,1,63.9083,-61.5013,63.9083,22.9361,-61.5013,63.7487,49.8036
1994,2,72.9607,3.2025,72.9607,20.4795,3.2025,50.9816,38.7065
1994,3,195.5265,9.1225,195.5265,21.7414,9.1225,38.3147,242.4958
1994,4,-75.448,14.642,-75.448,15.0305,14.642,-18.1446,-105.2611
1994,5,-29.5848,31.5975,-29.5848,-1.3515,31.5975,-51.6387,-6.4715
1994,6,-31.9974,1.8955,-31.9974,-15.4934,1.8955,-71.8367,13.1643
1994,7,-77.352,-20.7227,-77.352,-17.7772,-20.7227,-81.7761,-91.543
1994,8,-40.2836,-6.9892,-40.2836,-17.0748,-6.9892,-86.7621,-33.7351
1994,9,-27.4834,-7.4325,-27.4834,-15.3131,-7.4325,-52.6662,-18.9926
1994,10,36.2656,-33.8513,36.2656,-4.771,-33.8513,39.19,65.9873
1994,11,208.834,-42.9404,208.834,-1.404,-42.9404,72.1664,270.7281
1994,12,311.3208,-18.2531,311.3208,-3.2654,-18.2531,84.569,362.4615
1995,1,357.2968,13.6402,357.2968,0.54558,13.6402,99.7365,434.0477
1995,2,333.0243,17.0511,333.0243,11.5103,17.0511,60.893,432.1331
1995,3,55.0941,27.6834,55.0941,23.3451,27.6834,27.3595,94.5973
1995,4,-101.5732,42.4627,-101.5732,22.9701,42.4627,1.8398,-105.3982
1995,5,-103.5233,22.5184,-103.5233,2.7678,22.5184,-32.2154,-108.0312
1995,6,-107.0362,14.394,-107.0362,-10.9354,14.394,-43.56,-98.2996
1995,7,-96.4225,18.2854,-96.4225,-10.3792,18.2854,-46.8417,-91.6193
1995,8,-85.9409,-12.9453,-85.9409,-15.1176,-12.9453,-59.9769,-110.4596
1995,9,56.3908,-29.559,56.3908,-10.5662,-29.559,-45.7203,68.6082
1995,10,68.571,-10.2308,68.571,1.4879,-10.2308,6.9065,84.2564
1995,11,-138.0258,24.845,-138.0258,2.0108,24.845,57.9833,-208.16
1995,12,-268.8039,21.2476,-268.8039,9.9985,21.2476,78.2456,-398.9181
1996,1,-201.7478,-9.9833,-201.7478,23.0397,-9.9833,94.5652,-341.6875
1996,2,-216.2277,7.3006,-216.2277,24.2417,7.3006,82.9471,-330.7426
1996,3,-177.6866,39.6324,-177.6866,25.5259,39.6324,25.525,-268.0272
1996,4,-84.1444,31.1784,-84.1444,19.767,31.1784,-15.4081,-120.738
1996,5,-71.4039,7.3512,-71.4039,3.7892,7.3512,-30.6147,-66.7264
1996,6,-32.8307,14.3651,-32.8307,-10.532,14.3651,-35.8059,14.546
1996,7,-73.5994,-2.44,-73.5994,-16.9191,-2.44,-59.9371,-69.1866
1996,8,-102.1853,-2.3723,-102.1853,-10.7625,-2.3723,-65.7989,-161.2789
1996,9,16.089,-1.9581,16.089,-4.7722,-1.9581,-48.6113,-0.43195
1996,10,129.0722,-36.1514,129.0722,7.8044,-36.1514,-15.466,169.772
1996,11,-10.4938,-60.0809,-10.4938,16.972,-60.0809,31.6719,3.515
1996,12,-97.5431,-62.4695,-97.5431,18.9367,-62.4695,65.5781,-114.7006
1997,1,196.6011,-44.652,196.6011,21.7296,-44.652,56.1504,267.8814
1997,2,336.9427,-25.8265,336.9427,22.9591,-25.8265,46.1928,447.3318
1997,3,42.0968,45.112,42.0968,16.4337,45.112,18.5933,116.0549
1997,4,-72.8228,71.9215,-72.8228,6.9115,71.9215,-24.9855,-48.9108
1997,5,-104.1098,32.5517,-104.1098,-1.1169,32.5517,-51.6159,-124.3435
1997,6,-108.8559,18.215,-108.8559,-18.2607,18.215,-60.8145,-131.48
1997,7,-98.1572,-0.81151,-98.1572,-30.9584,-0.81151,-81.4233,-119.9774
1997,8,-24.0108,-12.3282,-24.0108,-23.019,-12.3282,-84.556,9.3063
1997,9,27.876,-6.6657,27.876,-12.3739,-6.6657,-44.9117,101.2738
1997,10,-20.8792,-5.3108,-20.8792,-2.3926,-5.3108,-0.81111,-34.3553
1997,11,-16.6,33.7344,-16.6,2.0481,33.7344,50.0967,-79.9611
1997,12,85.3209,12.9109,85.3209,9.1305,12.9109,78.3242,73.9784
1998,1,235.2351,-2.6973,235.2351,13.9228,-2.6973,52.1935,316.0718
1998,2,195.8436,32.2873,195.8436,22.4671,32.2873,32.2479,289.4016
1998,3,-11.8877,41.3467,-11.8877,36.3095,41.3467,31.8612,-30.4193
1998,4,-100.3216,45.0073,-100.3216,28.8581,45.0073,17.0933,-148.1754
1998,5,-73.64,37.2892,-73.64,4.0164,37.2892,-16.2939,-54.7763
1998,6,40.1447,36.9488,40.1447,-8.0844,36.9488,-32.6033,100.8674
1998,7,56.2401,1.7333,56.2401,-8.4771,1.7333,-30.6863,123.1319
1998,8,-14.3987,3.4092,-14.3987,-10.6526,3.4092,-46.2309,-5.68
1998,9,81.2213,10.8222,81.2213,-9.64,10.8222,-48.0601,92.1699
1998,10,109.336,-1.9507,109.336,1.989,-1.9507,-20.8099,131.3694
1998,11,101.8233,-46.2866,101.8233,4.7486,-46.2866,27.1173,101.275
1998,12,254.6206,-91.2548,254.6206,9.0133,-91.2548,75.7231,300.2855
1999,1,271.6211,-58.8677,271.6211,17.8482,-58.8677,91.2215,338.2655
1999,2,137.2899,25.6132,137.2899,26.6649,25.6132,66.9463,177.8052
1999,3,8.1498,65.011,8.1498,25.7291,65.011,7.5496,15.6499
1999,4,-57.5672,24.9308,-57.5672,19.829,24.9308,-17.755,-51.6669
1999,5,-58.8863,-35.0472,-58.8863,11.3376,-35.0472,-43.0614,-65.3885
1999,6,-59.5385,-6.7032,-59.5385,-3.9753,-6.7032,-70.8854,-36.0665
1999,7,-57.57,13.3094,-57.57,-13.9822,13.3094,-73.2081,-54.0525
1999,8,-9.9656,-2.0221,-9.9656,-10.5254,-2.0221,-61.7289,-37.0004
1999,9,55.5359,-34.431,55.5359,-6.6241,-34.431,-34.0679,56.045
1999,10,69.118,-47.1219,69.118,-1.9463,-47.1219,-1.71,106.3102
1999,11,217.0184,-35.7408,217.0184,10.4459,-35.7408,53.455,286.2524
1999,12,296.0424,-6.6052,296.0424,18.1863,-6.6052,108.6345,407.1783
2000,1,292.1879,-32.2488,292.1879,20.6576,-32.2488,85.3191,405.1206
2000,2,218.7909,-19.4652,218.7909,28.1068,-19.4652,52.3253,304.0403
2000,3,-28.3403,23.0867,-28.3403,35.6125,23.0867,27.183,-18.7736
2000,4,-74.7195,22.4333,-74.7195,24.0918,22.4333,-10.777,-90.1933
2000,5,-40.0969,4.3875,-40.0969,1.3062,4.3875,-31.9229,-11.1397
2000,6,-35.9253,-4.1905,-35.9253,-11.3155,-4.1905,-41.953,-2.2466
2000,7,-62.9839,-0.26739,-62.9839,-16.1744,-0.26739,-67.7203,-37.3839
2000,8,-52.7097,-18.2816,-52.7097,-18.3782,-18.2816,-62.7029,-70.5335
2000,9,58.4264,-21.1942,58.4264,-15.7266,-21.1942,-47.6882,21.0119
2000,10,146.4041,25.1945,146.4041,-7.9458,25.1945,4.342,143.278
2000,11,129.5765,-12.7997,129.5765,-4.6434,-12.7997,55.6293,130.4117
2000,12,92.2185,-26.1834,92.2185,-6.6264,-26.1834,63.413,89.2283
2001,1,-21.4129,-19.8473,-21.4129,9.7954,-19.8473,77.3433,-35.2291
2001,2,-39.0632,5.6283,-39.0632,24.2503,5.6283,60.8458,-73.8575
2001,3,4.6367,46.805,4.6367,23.8114,46.805,25.7522,-41.1851
2001,4,-72.5891,11.6594,-72.5891,12.0587,11.6594,-4.6095,-63.901
2001,5,-89.1984,-1.9807,-89.1984,-4.8361,-1.9807,-43.5498,-61.2991
2001,6,-48.0107,0.63208,-48.0107,-17.6036,0.63208,-59.3772,-16.0848
2001,7,-28.5101,-3.137,-28.5101,-25.9562,-3.137,-71.6005,-2.001
2001,8,-25.0322,-15.5534,-25.0322,-24.0885,-15.5534,-66.768,-34.8566
2001,9,57.7785,-29.7399,57.7785,-7.0468,-29.7399,-31.3569,51.1845
2001,10,133.5993,-38.4706,133.5993,7.48,-38.4706,18.0508,203.508
2001,11,-28.563,-34.92,-28.563,14.8154,-34.92,69.8966,5.6305
2001,12,86.2073,-2.0644,86.2073,12.2272,-2.0644,103.7667,127.3929
2002,1,366.5493,23.0662,366.5493,16.8565,23.0662,97.3896,475.2564
2002,2,265.0978,-35.7733,265.0978,24.1893,-35.7733,62.3207,362.7851
2002,3,3.6001,-41.3514,3.6001,25.9371,-41.3514,41.6484,20.2389
2002,4,-49.5942,1.513,-49.5942,20.8515,1.513,4.7876,-100.337
2002,5,-11.3187,5.6516,-11.3187,-3.3867,5.6516,-40.9821,-18.6717
2002,6,-11.7428,4.9298,-11.7428,-21.0112,4.9298,-73.7547,14.3613
2002,7,-71.3008,-0.94508,-71.3008,-21.9254,-0.94508,-92.8035,-76.1532
2002,8,-107.5372,-22.1337,-107.5372,-18.5443,-22.1337,-89.5273,-143.7062
2002,9,-74.7069,-42.8545,-74.7069,-12.0619,-42.8545,-56.9066,-118.9887
2002,10,-39.4641,-23.3062,-39.4641,-7.2756,-23.3062,4.235,-114.9572
2002,11,-133.7375,28.6652,-133.7375,-7.506,28.6652,40.6628,-252.9181
2002,12,-54.8771,20.3026,-54.8771,-6.5442,20.3026,67.387,-108.7491
2003,1,40.4973,-19.5341,40.4973,1.6725,-19.5341,83.1613,54.9908
2003,2,-43.2943,-20.5126,-43.2943,17.6107,-20.5126,57.6221,-67.8922
2003,3,-82.25,-16.5143,-82.25,19.8048,-16.5143,29.9907,-117.0898
2003,4,-57.885,-8.3402,-57.885,13.7568,-8.3402,-9.7198,-82.8176
2003,5,-0.63793,14.7707,-0.63793,0.81241,14.7707,-42.2209,35.475
2003,6,-11.1129,17.519,-11.1129,-16.5868,17.519,-48.919,8.6863
2003,7,-45.3687,-2.7673,-45.3687,-24.0749,-2.7673,-61.4385,-26.5917
2003,8,-54.947,-32.7019,-54.947,-20.7505,-32.7019,-74.5625,-26.4877
2003,9,-49.5395,-44.4983,-49.5395,-8.6325,-44.4983,-49.0469,-36.4309
2003,10,-15.9066,-36.5703,-15.9066,0.36284,-36.5703,11.4114,-26.1822
2003,11,67.466,9.0002,67.466,0.99971,9.0002,67.5195,90.8024
2003,12,80.4273,56.1984,80.4273,7.2239,56.1984,103.1518,100.7963
2004,1,74.2054,37.9024,74.2054,18.7318,37.9024,76.0222,80.2114
2004,2,-4.5227,-3.9193,-4.5227,21.7454,-3.9193,52.644,8.5462
2004,3,-48.6718,0.34471,-48.6718,22.9981,0.34471,30.623,-86.8253
2004,4,-85.4875,-1.3583,-85.4875,12.4242,-1.3583,-11.48,-118.9481
2004,5,-51.2623,-8.7308,-51.2623,-13.9417,-8.7308,-53.0461,-27.3865
2004,6,-27.4442,-2.631,-27.4442,-21.818,-2.631,-64.9137,8.4738
2004,7,-36.562,-8.6425,-36.562,-21.4248,-8.6425,-76.8051,-26.4419
2004,8,29.4863,-31.8751,29.4863,-20.0146,-31.8751,-72.1386,67.8868
2004,9,71.1243,-20.1631,71.1243,0.67522,-20.1631,-14.3552,103.3355
2004,10,36.261,-8.5814,36.261,15.5295,-8.5814,32.9581,57.5948
2004,11,95.4099,-47.4036,95.4099,16.4445,-47.4036,71.4422,171.277
2004,12,278.7988,-78.0647,278.7988,13.6276,-78.0647,79.4882,402.2264
2005,1,104.6207,-52.6487,104.6207,17.2296,-52.6487,55.0109,158.3896
2005,2,-123.3751,37.4975,-123.3751,20.3033,37.4975,49.6601,-201.5799
2005,3,-56.6738,77.5855,-56.6738,22.625,77.5855,43.4209,-90.1548
2005,4,-42.6277,12.5416,-42.6277,14.8325,12.5416,-0.13394,-42.5754
2005,5,-58.7357,3.9856,-58.7357,-0.28514,3.9856,-35.4783,-30.531
2005,6,-62.0119,8.8754,-62.0119,-18.0192,8.8754,-53.9682,-43.921
2005,7,-26.67,-7.585,-26.67,-26.3973,-7.585,-62.2048,-3.2278
2005,8,7.5385,-19.0535,7.5385,-22.1136,-19.0535,-65.3964,39.8247
2005,9,15.2677,1.4865,15.2677,-18.2261,1.4865,-42.4098,21.4773
2005,10,60.4968,5.5319,60.4968,-1.2433,5.5319,8.8154,75.3615
2005,11,25.0183,-13.7983,25.0183,12.418,-13.7983,53.1459,42.8759
2005,12,-61.5109,-2.5548,-61.5109,12.5295,-2.5548,75.8174,-103.1975
2006,1,-81.3631,8.4479,-81.3631,14.5339,8.4479,92.2251,-139.9129
2006,2,-82.6891,51.6905,-82.6891,17.3965,51.6905,77.7379,-157.2576
2006,3,4.4312,60.2302,4.4312,28.2803,60.2302,32.6395,-22.2462
2006,4,22.3113,26.4573,22.3113,19.7139,26.4573,1.033,40.7054
2006,5,-65.5321,5.4611,-65.5321,-7.0828,5.4611,-29.3034,-53.7047
2006,6,-104.9833,1.3071,-104.9833,-21.5048,1.3071,-60.3179,-100.5177
2006,7,-61.867,2.56,-61.867,-25.0627,2.56,-84.3047,-74.5952
2006,8,-16.9483,-6.7937,-16.9483,-23.0472,-6.7937,-81.9368,-23.1762
2006,9,59.1454,21.0767,59.1454,-13.555,21.0767,-51.511,80.2057
2006,10,214.9596,0.72312,214.9596,4.0983,0.72312,-0.65612,269.9159
2006,11,361.1388,-64.0694,361.1388,0.85082,-64.0694,68.2085,459.5325
2006,12,411.8037,-38.3369,411.8037,-0.14249,-38.3369,113.2933,557.5628
2007,1,227.0971,15.2721,227.0971,9.7321,15.2721,81.0775,284.8358
2007,2,34.2133,18.1164,34.2133,22.8571,18.1164,35.4226,-4.2
2007,3,-35.8463,28.3418,-35.8463,20.556,28.3418,21.0575,-3.2885
2007,4,-50.4546,37.9017,-50.4546,12.2065,37.9017,-1.3099,-25.1225
2007,5,-16.3561,10.2139,-16.3561,0.40063,10.2139,-22.4817,-7.2587
2007,6,-1.1334,13.7187,-1.1334,-13.3642,13.7187,-38.0269,25.8078
2007,7,7.8449,2.9509,7.8449,-14.2106,2.9509,-70.4489,52.505
2007,8,-27.4835,-19.5905,-27.4835,-13.8084,-19.5905,-81.4798,6.7365
2007,9,-34.0097,-35.8423,-34.0097,-11.0728,-35.8423,-50.4169,-1.7946
2007,10,-19.2971,-21.5358,-19.2971,5.5948,-21.5358,-9.8252,6.4125
2007,11,71.135,-37.8726,71.135,12.243,-37.8726,52.0203,115.6958
2007,12,226.6466,-32.2073,226.6466,13.6823,-32.2073,76.9353,275.3774
2008,1,277.8145,-20.5165,277.8145,15.2091,-20.5165,79.6079,369.0854
2008,2,228.2682,3.4471,228.2682,25.6968,3.4471,84.0272,309.7806
2008,3,59.8319,-10.6517,59.8319,32.9169,-10.6517,43.7429,62.7996
2008,4,-130.2783,18.3668,-130.2783,25.6532,18.3668,-15.7743,-180.9229
2008,5,-79.3235,38.1819,-79.3235,9.8879,38.1819,-45.9032,-85.3014
2008,6,12.4135,6.8823,12.4135,-4.6285,6.8823,-46.5108,46.8414
2008,7,34.3937,15.6674,34.3937,-6.3881,15.6674,-48.4214,54.2033
2008,8,-2.51,-12.1117,-2.51,-6.3601,-12.1117,-63.4593,14.3392
2008,9,79.0605,-42.9131,79.0605,-6.5718,-42.9131,-46.9092,119.7114
2008,10,176.8481,-31.6692,176.8481,9.2335,-31.6692,16.2177,260.1705
2008,11,11.5656,-46.8777,11.5656,18.4324,-46.8777,67.0913,47.5767
2008,12,57.33,-45.1905,57.33,13.1465,-45.1905,93.9087,60.536
2009,1,58.7204,12.3981,58.7204,16.7015,12.3981,72.0087,51.9735
2009,2,-8.486,9.9132,-8.486,27.4746,9.9132,27.5913,-29.6846
2009,3,-17.4076,-5.2588,-17.4076,23.6704,-5.2588,5.302,-40.5283
2009,4,-60.5997,7.3636,-60.5997,13.6997,7.3636,-13.9549,-83.0213
2009,5,-70.8836,7.2014,-70.8836,6.5019,7.2014,-41.3957,-62.7651
2009,6,-29.8296,26.8907,-29.8296,-9.7034,26.8907,-76.8561,-13.9426
2009,7,55.0119,-0.93711,55.0119,-19.6258,-0.93711,-76.9398,98.3918
2009,8,28.3646,-22.5858,28.3646,-19.9251,-22.5858,-76.7464,81.6012
2009,9,-24.3383,-9.1616,-24.3383,-13.7514,-9.1616,-65.7483,10.1052
2009,10,106.0593,-20.1427,106.0593,-2.4691,-20.1427,13.6348,103.7692
2009,11,113.8995,-25.1338,113.8995,4.2684,-25.1338,74.7155,80.5243
2009,12,-127.9662,47.4577,-127.9662,8.7828,47.4577,68.7701,-237.4891
2010,1,-161.9925,114.9831,-161.9925,13.7825,114.9831,52.4468,-275.9516
2010,2,-47.4828,98.9847,-47.4828,21.5946,98.9847,49.8315,-88.1257
2010,3,-37.1421,58.5085,-37.1421,23.5051,58.5085,43.3594,-22.6285
2010,4,-100.0947,46.0045,-100.0947,20.9937,46.0045,15.0983,-103.8161
2010,5,-130.8908,41.9953,-130.8908,3.1315,41.9953,-10.6965,-137.9535
2010,6,-67.8334,40.8576,-67.8334,-10.2206,40.8576,-30.6319,-52.7146
2010,7,-1.7627,21.9221,-1.7627,-10.6387,21.9221,-33.7804,22.2583
2010,8,-30.2625,27.4248,-30.2625,-4.9829,27.4248,-34.429,-18.8743
2010,9,0.19641,45.7784,0.19641,0.10674,45.7784,-24.4769,-16.1387
2010,10,24.0242,25.0352,24.0242,13.2439,25.0352,7.1926,-29.3031
2010,11,-54.1378,85.6964,-54.1378,24.0118,85.6964,49.2697,-132.2215
2010,12,-4.8526,66.4643,-4.8526,18.9389,66.4643,74.6068,-38.1293